timestamp,t2,hum,wind_speed,weather_code,year,month,day,hour,is_weekend,is_holiday,season,predicted_cnt
2023-01-01 00:00:00,11.2,94,22.9,7,2023,1,1,0,1,0,3,569.0
2023-01-01 01:00:00,11.9,85,31.1,7,2023,1,1,1,1,0,3,486.0
2023-01-01 02:00:00,11.0,80,31.4,2,2023,1,1,2,1,0,3,316.0
2023-01-01 03:00:00,10.4,78,30.7,2,2023,1,1,3,1,0,3,203.0
2023-01-01 04:00:00,10.2,77,27.7,2,2023,1,1,4,1,0,3,85.0
2023-01-01 05:00:00,10.1,79,27.8,2,2023,1,1,5,1,0,3,59.0
2023-01-01 06:00:00,9.8,80,27.0,2,2023,1,1,6,1,0,3,70.0
2023-01-01 07:00:00,9.8,77,25.9,2,2023,1,1,7,1,0,3,41.0
2023-01-01 08:00:00,9.8,77,25.9,2,2023,1,1,8,1,0,3,175.0
2023-01-01 09:00:00,10.1,73,25.9,2,2023,1,1,9,1,0,3,392.0
2023-01-01 10:00:00,10.8,73,27.2,2,2023,1,1,10,1,0,3,718.0
2023-01-01 11:00:00,11.4,74,28.2,2,2023,1,1,11,1,0,3,850.0
2023-01-01 12:00:00,11.4,79,22.2,2,2023,1,1,12,1,0,3,1156.0
2023-01-01 13:00:00,11.4,80,25.0,7,2023,1,1,13,1,0,3,917.0
2023-01-01 14:00:00,10.9,82,23.4,7,2023,1,1,14,1,0,3,585.0
2023-01-01 15:00:00,10.6,85,18.7,2,2023,1,1,15,1,0,3,849.0
2023-01-01 16:00:00,10.3,86,18.2,7,2023,1,1,16,1,0,3,332.0
2023-01-01 17:00:00,10.1,87,14.5,7,2023,1,1,17,1,0,3,123.0
2023-01-01 18:00:00,9.8,91,11.1,7,2023,1,1,18,1,0,3,229.0
2023-01-01 19:00:00,9.5,90,7.9,7,2023,1,1,19,1,0,3,182.0
2023-01-01 20:00:00,9.1,90,4.9,7,2023,1,1,20,1,0,3,220.0
2023-01-01 21:00:00,8.9,91,5.3,7,2023,1,1,21,1,0,3,172.0
2023-01-01 22:00:00,8.6,92,5.4,7,2023,1,1,22,1,0,3,169.0
2023-01-01 23:00:00,8.5,93,6.6,7,2023,1,1,23,1,0,3,93.0
2023-01-02 00:00:00,7.9,92,5.1,7,2023,1,2,0,0,0,3,186.0
2023-01-02 01:00:00,7.5,92,7.6,7,2023,1,2,1,0,0,3,138.0
2023-01-02 02:00:00,6.7,92,9.3,2,2023,1,2,2,0,0,3,98.0
2023-01-02 03:00:00,6.8,91,12.5,2,2023,1,2,3,0,0,3,45.0
2023-01-02 04:00:00,7.4,91,15.5,2,2023,1,2,4,0,0,3,34.0
2023-01-02 05:00:00,7.3,91,12.8,2,2023,1,2,5,0,0,3,73.0
2023-01-02 06:00:00,7.2,93,12.5,2,2023,1,2,6,0,0,3,410.0
2023-01-02 07:00:00,6.8,94,11.5,2,2023,1,2,7,0,0,3,1289.0
2023-01-02 08:00:00,6.1,95,9.3,2,2023,1,2,8,0,0,3,2117.0
2023-01-02 09:00:00,6.6,95,10.1,2,2023,1,2,9,0,0,3,1256.0
2023-01-02 10:00:00,7.4,90,11.5,2,2023,1,2,10,0,0,3,527.0
2023-01-02 11:00:00,7.8,87,12.2,2,2023,1,2,11,0,0,3,358.0
2023-01-02 12:00:00,8.1,83,9.8,2,2023,1,2,12,0,0,3,720.0
2023-01-02 13:00:00,8.3,79,11.4,1,2023,1,2,13,0,0,3,838.0
2023-01-02 14:00:00,8.0,77,11.6,1,2023,1,2,14,0,0,3,1008.0
2023-01-02 15:00:00,7.2,83,8.0,1,2023,1,2,15,0,0,3,635.0
2023-01-02 16:00:00,4.1,93,9.5,1,2023,1,2,16,0,0,3,667.0
2023-01-02 17:00:00,3.1,93,9.2,1,2023,1,2,17,0,0,3,1603.0
2023-01-02 18:00:00,2.2,94,9.9,1,2023,1,2,18,0,0,3,1442.0
2023-01-02 19:00:00,1.6,94,10.1,2,2023,1,2,19,0,0,3,608.0
2023-01-02 20:00:00,1.2,94,10.1,2,2023,1,2,20,0,0,3,211.0
2023-01-02 21:00:00,1.4,93,9.8,2,2023,1,2,21,0,0,3,151.0
2023-01-02 22:00:00,0.9,94,10.7,1,2023,1,2,22,0,0,3,0.0
2023-01-02 23:00:00,1.2,93,10.1,1,2023,1,2,23,0,0,3,0.0
2023-01-03 00:00:00,2.2,93,8.4,1,2023,1,3,0,0,0,3,128.0
2023-01-03 01:00:00,3.2,92,8.7,1,2023,1,3,1,0,0,3,124.0
2023-01-03 02:00:00,3.2,94,8.7,1,2023,1,3,2,0,0,3,49.0
2023-01-03 03:00:00,3.8,96,8.5,1,2023,1,3,3,0,0,3,45.0
2023-01-03 04:00:00,4.4,97,8.4,1,2023,1,3,4,0,0,3,96.0
2023-01-03 05:00:00,4.9,97,10.0,1,2023,1,3,5,0,0,3,188.0
2023-01-03 06:00:00,5.6,95,12.3,1,2023,1,3,6,0,0,3,399.0
2023-01-03 07:00:00,6.1,93,14.9,2,2023,1,3,7,0,0,3,1337.0
2023-01-03 08:00:00,7.7,90,20.3,2,2023,1,3,8,0,0,3,2511.0
2023-01-03 09:00:00,8.9,87,24.1,7,2023,1,3,9,0,0,3,990.0
2023-01-03 10:00:00,9.3,87,28.2,7,2023,1,3,10,0,0,3,323.0
2023-01-03 11:00:00,9.4,87,30.6,7,2023,1,3,11,0,0,3,248.0
2023-01-03 12:00:00,9.6,89,30.1,7,2023,1,3,12,0,0,3,344.0
2023-01-03 13:00:00,10.1,88,32.2,7,2023,1,3,13,0,0,3,320.0
2023-01-03 14:00:00,10.5,87,32.3,7,2023,1,3,14,0,0,3,249.0
2023-01-03 15:00:00,10.4,88,30.2,7,2023,1,3,15,0,0,3,291.0
2023-01-03 16:00:00,10.6,88,31.8,7,2023,1,3,16,0,0,3,542.0
2023-01-03 17:00:00,10.6,89,34.8,7,2023,1,3,17,0,0,3,1388.0
2023-01-03 18:00:00,10.6,89,36.8,7,2023,1,3,18,0,0,3,1415.0
2023-01-03 19:00:00,10.8,90,37.4,7,2023,1,3,19,0,0,3,680.0
2023-01-03 20:00:00,11.3,89,34.7,7,2023,1,3,20,0,0,3,517.0
2023-01-03 21:00:00,11.6,91,30.9,7,2023,1,3,21,0,0,3,303.0
2023-01-03 22:00:00,12.3,91,32.1,7,2023,1,3,22,0,0,3,211.0
2023-01-03 23:00:00,12.4,88,32.6,2,2023,1,3,23,0,0,3,183.0
2023-01-04 00:00:00,11.9,91,33.1,2,2023,1,4,0,0,0,3,262.0
2023-01-04 01:00:00,12.0,90,33.6,2,2023,1,4,1,0,0,3,236.0
2023-01-04 02:00:00,12.1,88,35.9,2,2023,1,4,2,0,0,3,106.0
2023-01-04 03:00:00,12.0,89,34.9,7,2023,1,4,3,0,0,3,56.0
2023-01-04 04:00:00,12.1,90,34.9,7,2023,1,4,4,0,0,3,53.0
2023-01-04 05:00:00,12.3,91,34.6,2,2023,1,4,5,0,0,3,181.0
2023-01-04 06:00:00,12.6,90,32.4,2,2023,1,4,6,0,0,3,557.0
2023-01-04 07:00:00,12.6,90,30.8,2,2023,1,4,7,0,0,3,1582.0
2023-01-04 08:00:00,12.4,90,29.0,7,2023,1,4,8,0,0,3,2021.0
2023-01-04 09:00:00,12.6,84,31.7,7,2023,1,4,9,0,0,3,1327.0
2023-01-04 10:00:00,12.4,85,30.8,2,2023,1,4,10,0,0,3,685.0
2023-01-04 11:00:00,12.7,83,31.6,2,2023,1,4,11,0,0,3,686.0
2023-01-04 12:00:00,12.9,83,29.8,2,2023,1,4,12,0,0,3,761.0
2023-01-04 13:00:00,13.1,81,34.0,7,2023,1,4,13,0,0,3,569.0
2023-01-04 14:00:00,12.9,76,33.3,2,2023,1,4,14,0,0,3,842.0
2023-01-04 15:00:00,12.5,77,30.0,2,2023,1,4,15,0,0,3,981.0
2023-01-04 16:00:00,11.9,80,29.8,2,2023,1,4,16,0,0,3,1163.0
2023-01-04 17:00:00,11.5,79,29.3,2,2023,1,4,17,0,0,3,2427.0
2023-01-04 18:00:00,10.8,80,29.5,2,2023,1,4,18,0,0,3,2360.0
2023-01-04 19:00:00,10.1,82,27.2,2,2023,1,4,19,0,0,3,1224.0
2023-01-04 20:00:00,9.9,83,25.4,2,2023,1,4,20,0,0,3,656.0
2023-01-04 21:00:00,9.9,84,24.4,2,2023,1,4,21,0,0,3,454.0
2023-01-04 22:00:00,10.1,84,23.5,2,2023,1,4,22,0,0,3,354.0
2023-01-04 23:00:00,10.4,83,24.4,2,2023,1,4,23,0,0,3,231.0
2023-01-05 00:00:00,10.1,82,20.9,2,2023,1,5,0,0,0,3,202.0
2023-01-05 01:00:00,9.9,83,21.6,2,2023,1,5,1,0,0,3,162.0
2023-01-05 02:00:00,9.6,85,19.5,2,2023,1,5,2,0,0,3,79.0
2023-01-05 03:00:00,9.4,86,18.8,2,2023,1,5,3,0,0,3,60.0
2023-01-05 04:00:00,9.1,89,16.7,2,2023,1,5,4,0,0,3,67.0
2023-01-05 05:00:00,8.9,90,15.9,2,2023,1,5,5,0,0,3,115.0
2023-01-05 06:00:00,9.1,89,15.0,2,2023,1,5,6,0,0,3,484.0
2023-01-05 07:00:00,8.4,93,13.0,2,2023,1,5,7,0,0,3,1557.0
2023-01-05 08:00:00,7.8,95,10.4,2,2023,1,5,8,0,0,3,2698.0
2023-01-05 09:00:00,9.4,90,12.6,2,2023,1,5,9,0,0,3,1501.0
2023-01-05 10:00:00,10.6,90,15.9,2,2023,1,5,10,0,0,3,780.0
2023-01-05 11:00:00,12.1,89,19.2,2,2023,1,5,11,0,0,3,693.0
2023-01-05 12:00:00,12.3,86,18.3,7,2023,1,5,12,0,0,3,456.0
2023-01-05 13:00:00,12.9,83,21.8,2,2023,1,5,13,0,0,3,845.0
2023-01-05 14:00:00,12.6,86,20.1,2,2023,1,5,14,0,0,3,744.0
2023-01-05 15:00:00,12.1,85,20.1,2,2023,1,5,15,0,0,3,828.0
2023-01-05 16:00:00,11.2,88,21.9,2,2023,1,5,16,0,0,3,1089.0
2023-01-05 17:00:00,11.2,86,24.9,2,2023,1,5,17,0,0,3,2173.0
2023-01-05 18:00:00,10.1,90,25.0,2,2023,1,5,18,0,0,3,2211.0
2023-01-05 19:00:00,10.1,91,24.5,2,2023,1,5,19,0,0,3,1226.0
2023-01-05 20:00:00,10.9,86,27.7,2,2023,1,5,20,0,0,3,637.0
2023-01-05 21:00:00,11.1,85,28.9,2,2023,1,5,21,0,0,3,481.0
2023-01-05 22:00:00,11.2,83,28.4,2,2023,1,5,22,0,0,3,372.0
2023-01-05 23:00:00,11.2,83,31.5,2,2023,1,5,23,0,0,3,261.0
2023-01-06 00:00:00,11.2,85,30.6,2,2023,1,6,0,0,0,3,200.0
2023-01-06 01:00:00,11.1,87,32.3,7,2023,1,6,1,0,0,3,101.0
2023-01-06 02:00:00,11.1,90,32.2,7,2023,1,6,2,0,0,3,44.0
2023-01-06 03:00:00,9.9,82,25.8,7,2023,1,6,3,0,0,3,40.0
2023-01-06 04:00:00,7.8,85,18.1,1,2023,1,6,4,0,0,3,28.0
2023-01-06 05:00:00,6.8,88,15.8,1,2023,1,6,5,0,0,3,103.0
2023-01-06 06:00:00,6.4,90,14.3,1,2023,1,6,6,0,0,3,445.0
2023-01-06 07:00:00,6.2,91,13.7,1,2023,1,6,7,0,0,3,1278.0
2023-01-06 08:00:00,5.7,93,12.5,1,2023,1,6,8,0,0,3,2346.0
2023-01-06 09:00:00,6.0,93,13.2,2,2023,1,6,9,0,0,3,1444.0
2023-01-06 10:00:00,7.2,90,14.4,2,2023,1,6,10,0,0,3,748.0
2023-01-06 11:00:00,8.6,88,14.8,2,2023,1,6,11,0,0,3,672.0
2023-01-06 12:00:00,9.6,84,19.6,2,2023,1,6,12,0,0,3,841.0
2023-01-06 13:00:00,10.2,80,20.3,2,2023,1,6,13,0,0,3,945.0
2023-01-06 14:00:00,10.4,79,20.3,2,2023,1,6,14,0,0,3,845.0
2023-01-06 15:00:00,10.1,83,16.6,2,2023,1,6,15,0,0,3,862.0
2023-01-06 16:00:00,10.1,89,15.3,2,2023,1,6,16,0,0,3,1114.0
2023-01-06 17:00:00,11.0,90,22.9,2,2023,1,6,17,0,0,3,2259.0
2023-01-06 18:00:00,11.4,89,24.7,2,2023,1,6,18,0,0,3,2228.0
2023-01-06 19:00:00,11.7,88,25.9,2,2023,1,6,19,0,0,3,1222.0
2023-01-06 20:00:00,11.9,86,26.1,2,2023,1,6,20,0,0,3,621.0
2023-01-06 21:00:00,11.9,85,26.1,2,2023,1,6,21,0,0,3,510.0
2023-01-06 22:00:00,11.5,87,27.7,2,2023,1,6,22,0,0,3,331.0
2023-01-06 23:00:00,11.6,86,27.8,2,2023,1,6,23,0,0,3,210.0
2023-01-07 00:00:00,11.6,86,29.2,2,2023,1,7,0,1,0,3,472.0
2023-01-07 01:00:00,11.6,86,30.9,2,2023,1,7,1,1,0,3,432.0
2023-01-07 02:00:00,11.6,85,32.4,2,2023,1,7,2,1,0,3,313.0
2023-01-07 03:00:00,11.4,84,33.1,2,2023,1,7,3,1,0,3,254.0
2023-01-07 04:00:00,11.4,84,33.6,2,2023,1,7,4,1,0,3,206.0
2023-01-07 05:00:00,11.2,83,33.7,2,2023,1,7,5,1,0,3,152.0
2023-01-07 06:00:00,11.1,79,34.2,2,2023,1,7,6,1,0,3,73.0
2023-01-07 07:00:00,11.0,78,33.9,7,2023,1,7,7,1,0,3,184.0
2023-01-07 08:00:00,10.8,81,33.2,7,2023,1,7,8,1,0,3,314.0
2023-01-07 09:00:00,10.1,87,34.2,7,2023,1,7,9,1,0,3,121.0
2023-01-07 10:00:00,10.1,87,35.4,7,2023,1,7,10,1,0,3,322.0
2023-01-07 11:00:00,10.4,87,36.7,7,2023,1,7,11,1,0,3,256.0
2023-01-07 12:00:00,10.6,86,29.4,7,2023,1,7,12,1,0,3,485.0
2023-01-07 13:00:00,10.9,85,30.9,7,2023,1,7,13,1,0,3,627.0
2023-01-07 14:00:00,10.8,87,30.5,7,2023,1,7,14,1,0,3,469.0
2023-01-07 15:00:00,10.9,87,31.7,7,2023,1,7,15,1,0,3,462.0
2023-01-07 16:00:00,10.1,88,30.9,7,2023,1,7,16,1,0,3,469.0
2023-01-07 17:00:00,9.7,88,34.0,7,2023,1,7,17,1,0,3,262.0
2023-01-07 18:00:00,9.1,85,31.9,1,2023,1,7,18,1,0,3,746.0
2023-01-07 19:00:00,8.2,81,31.4,1,2023,1,7,19,1,0,3,482.0
2023-01-07 20:00:00,7.6,82,29.5,1,2023,1,7,20,1,0,3,284.0
2023-01-07 21:00:00,7.2,82,25.6,1,2023,1,7,21,1,0,3,203.0
2023-01-07 22:00:00,7.6,80,25.1,1,2023,1,7,22,1,0,3,170.0
2023-01-07 23:00:00,7.7,80,24.5,1,2023,1,7,23,1,0,3,131.0
2023-01-08 00:00:00,8.4,78,24.5,1,2023,1,8,0,1,0,3,581.0
2023-01-08 01:00:00,8.1,80,23.4,2,2023,1,8,1,1,0,3,523.0
2023-01-08 02:00:00,7.8,83,25.1,2,2023,1,8,2,1,0,3,310.0
2023-01-08 03:00:00,7.5,83,26.9,7,2023,1,8,3,1,0,3,209.0
2023-01-08 04:00:00,7.0,86,24.3,2,2023,1,8,4,1,0,3,157.0
2023-01-08 05:00:00,7.1,85,21.9,2,2023,1,8,5,1,0,3,108.0
2023-01-08 06:00:00,6.9,85,22.9,2,2023,1,8,6,1,0,3,82.0
2023-01-08 07:00:00,7.0,86,23.7,1,2023,1,8,7,1,0,3,0.0
2023-01-08 08:00:00,6.8,87,24.9,1,2023,1,8,8,1,0,3,0.0
2023-01-08 09:00:00,7.1,85,24.7,1,2023,1,8,9,1,0,3,379.0
2023-01-08 10:00:00,8.1,83,26.8,2,2023,1,8,10,1,0,3,675.0
2023-01-08 11:00:00,8.7,83,25.2,2,2023,1,8,11,1,0,3,812.0
2023-01-08 12:00:00,8.6,80,27.8,7,2023,1,8,12,1,0,3,799.0
2023-01-08 13:00:00,8.8,80,24.7,7,2023,1,8,13,1,0,3,944.0
2023-01-08 14:00:00,8.9,79,28.8,7,2023,1,8,14,1,0,3,750.0
2023-01-08 15:00:00,8.2,81,26.1,7,2023,1,8,15,1,0,3,701.0
2023-01-08 16:00:00,7.6,84,22.2,2,2023,1,8,16,1,0,3,997.0
2023-01-08 17:00:00,7.2,85,23.4,7,2023,1,8,17,1,0,3,470.0
2023-01-08 18:00:00,6.8,86,19.7,2,2023,1,8,18,1,0,3,641.0
2023-01-08 19:00:00,6.0,86,18.4,1,2023,1,8,19,1,0,3,470.0
2023-01-08 20:00:00,5.1,85,16.1,1,2023,1,8,20,1,0,3,315.0
2023-01-08 21:00:00,4.8,83,13.3,2,2023,1,8,21,1,0,3,235.0
2023-01-08 22:00:00,5.6,81,18.2,7,2023,1,8,22,1,0,3,216.0
2023-01-08 23:00:00,5.0,90,12.1,7,2023,1,8,23,1,0,3,127.0
2023-01-09 00:00:00,5.2,93,17.5,7,2023,1,9,0,0,0,3,165.0
2023-01-09 01:00:00,6.1,90,19.0,7,2023,1,9,1,0,0,3,122.0
2023-01-09 02:00:00,5.6,91,18.9,1,2023,1,9,2,0,0,3,84.0
2023-01-09 03:00:00,5.6,89,18.5,2,2023,1,9,3,0,0,3,107.0
2023-01-09 04:00:00,5.1,91,19.5,2,2023,1,9,4,0,0,3,99.0
2023-01-09 05:00:00,4.9,90,17.7,2,2023,1,9,5,0,0,3,143.0
2023-01-09 06:00:00,4.6,91,16.4,1,2023,1,9,6,0,0,3,442.0
2023-01-09 07:00:00,4.6,91,17.0,1,2023,1,9,7,0,0,3,1367.0
2023-01-09 08:00:00,4.4,90,17.4,1,2023,1,9,8,0,0,3,2492.0
2023-01-09 09:00:00,4.8,88,18.7,1,2023,1,9,9,0,0,3,1431.0
2023-01-09 10:00:00,6.1,84,21.7,1,2023,1,9,10,0,0,3,674.0
2023-01-09 11:00:00,7.3,79,23.5,2,2023,1,9,11,0,0,3,744.0
2023-01-09 12:00:00,8.1,78,20.6,2,2023,1,9,12,0,0,3,942.0
2023-01-09 13:00:00,8.2,74,24.8,2,2023,1,9,13,0,0,3,965.0
2023-01-09 14:00:00,8.1,69,26.0,1,2023,1,9,14,0,0,3,971.0
2023-01-09 15:00:00,7.6,67,24.5,1,2023,1,9,15,0,0,3,1086.0
2023-01-09 16:00:00,6.4,71,20.9,1,2023,1,9,16,0,0,3,1284.0
2023-01-09 17:00:00,5.8,73,21.3,1,2023,1,9,17,0,0,3,2516.0
2023-01-09 18:00:00,5.4,72,18.7,1,2023,1,9,18,0,0,3,2417.0
2023-01-09 19:00:00,4.9,73,17.1,1,2023,1,9,19,0,0,3,1278.0
2023-01-09 20:00:00,4.6,73,17.2,1,2023,1,9,20,0,0,3,709.0
2023-01-09 21:00:00,4.4,73,17.4,2,2023,1,9,21,0,0,3,589.0
2023-01-09 22:00:00,4.1,77,12.4,2,2023,1,9,22,0,0,3,424.0
2023-01-09 23:00:00,3.6,81,10.0,2,2023,1,9,23,0,0,3,297.0
2023-01-10 00:00:00,4.0,81,12.4,2,2023,1,10,0,0,0,3,208.0
2023-01-10 01:00:00,3.5,84,11.9,2,2023,1,10,1,0,0,3,175.0
2023-01-10 02:00:00,3.2,86,11.5,2,2023,1,10,2,0,0,3,63.0
2023-01-10 03:00:00,3.5,86,14.8,2,2023,1,10,3,0,0,3,66.0
2023-01-10 04:00:00,3.8,84,16.0,2,2023,1,10,4,0,0,3,73.0
2023-01-10 05:00:00,3.7,84,14.0,2,2023,1,10,5,0,0,3,108.0
2023-01-10 06:00:00,4.5,82,13.3,2,2023,1,10,6,0,0,3,455.0
2023-01-10 07:00:00,5.7,82,15.1,7,2023,1,10,7,0,0,3,1368.0
2023-01-10 08:00:00,7.2,88,19.0,7,2023,1,10,8,0,0,3,2179.0
2023-01-10 09:00:00,7.7,89,24.2,7,2023,1,10,9,0,0,3,1206.0
2023-01-10 10:00:00,8.1,89,29.5,7,2023,1,10,10,0,0,3,433.0
2023-01-10 11:00:00,8.5,91,30.0,7,2023,1,10,11,0,0,3,310.0
2023-01-10 12:00:00,9.3,92,29.0,7,2023,1,10,12,0,0,3,395.0
2023-01-10 13:00:00,11.1,93,29.5,2,2023,1,10,13,0,0,3,760.0
2023-01-10 14:00:00,11.9,92,30.5,7,2023,1,10,14,0,0,3,307.0
2023-01-10 15:00:00,12.2,90,33.2,2,2023,1,10,15,0,0,3,768.0
2023-01-10 16:00:00,12.1,89,32.2,2,2023,1,10,16,0,0,3,1048.0
2023-01-10 17:00:00,12.1,90,33.5,7,2023,1,10,17,0,0,3,1484.0
2023-01-10 18:00:00,12.3,88,35.6,2,2023,1,10,18,0,0,3,2193.0
2023-01-10 19:00:00,12.3,88,36.0,2,2023,1,10,19,0,0,3,1213.0
2023-01-10 20:00:00,12.4,88,36.7,7,2023,1,10,20,0,0,3,489.0
2023-01-10 21:00:00,12.5,88,34.7,7,2023,1,10,21,0,0,3,354.0
2023-01-10 22:00:00,12.3,90,30.4,7,2023,1,10,22,0,0,3,210.0
2023-01-10 23:00:00,12.1,87,25.2,7,2023,1,10,23,0,0,3,109.0
2023-01-11 00:00:00,10.3,86,23.7,2,2023,1,11,0,0,0,3,177.0
2023-01-11 01:00:00,9.6,87,22.0,1,2023,1,11,1,0,0,3,116.0
2023-01-11 02:00:00,8.9,88,23.1,1,2023,1,11,2,0,0,3,66.0
2023-01-11 03:00:00,8.4,87,24.5,1,2023,1,11,3,0,0,3,33.0
2023-01-11 04:00:00,7.8,85,23.7,1,2023,1,11,4,0,0,3,52.0
2023-01-11 05:00:00,7.3,86,22.8,1,2023,1,11,5,0,0,3,84.0
2023-01-11 06:00:00,7.1,86,22.9,1,2023,1,11,6,0,0,3,439.0
2023-01-11 07:00:00,6.8,86,22.6,1,2023,1,11,7,0,0,3,1495.0
2023-01-11 08:00:00,6.6,86,22.4,2,2023,1,11,8,0,0,3,2712.0
2023-01-11 09:00:00,6.9,84,23.1,1,2023,1,11,9,0,0,3,1487.0
2023-01-11 10:00:00,7.9,79,24.4,1,2023,1,11,10,0,0,3,725.0
2023-01-11 11:00:00,9.0,73,23.9,1,2023,1,11,11,0,0,3,789.0
2023-01-11 12:00:00,9.8,71,24.7,2,2023,1,11,12,0,0,3,1019.0
2023-01-11 13:00:00,10.2,66,34.5,2,2023,1,11,13,0,0,3,928.0
2023-01-11 14:00:00,9.9,71,30.4,2,2023,1,11,14,0,0,3,913.0
2023-01-11 15:00:00,9.5,72,29.8,7,2023,1,11,15,0,0,3,838.0
2023-01-11 16:00:00,9.0,79,32.0,7,2023,1,11,16,0,0,3,890.0
2023-01-11 17:00:00,8.6,85,29.9,7,2023,1,11,17,0,0,3,1756.0
2023-01-11 18:00:00,8.6,85,29.7,7,2023,1,11,18,0,0,3,1795.0
2023-01-11 19:00:00,8.6,84,30.9,7,2023,1,11,19,0,0,3,942.0
2023-01-11 20:00:00,8.6,85,28.7,7,2023,1,11,20,0,0,3,498.0
2023-01-11 21:00:00,8.9,84,29.4,2,2023,1,11,21,0,0,3,463.0
2023-01-11 22:00:00,9.1,84,29.0,7,2023,1,11,22,0,0,3,284.0
2023-01-11 23:00:00,9.5,84,28.8,7,2023,1,11,23,0,0,3,202.0
2023-01-12 00:00:00,9.6,86,34.4,7,2023,1,12,0,0,0,3,162.0
2023-01-12 01:00:00,10.2,88,40.0,7,2023,1,12,1,0,0,3,102.0
2023-01-12 02:00:00,10.8,88,40.7,7,2023,1,12,2,0,0,3,23.0
2023-01-12 03:00:00,11.1,88,40.2,7,2023,1,12,3,0,0,3,3.0
2023-01-12 04:00:00,11.2,88,38.8,7,2023,1,12,4,0,0,3,0.0
2023-01-12 05:00:00,11.4,87,39.1,7,2023,1,12,5,0,0,3,23.0
2023-01-12 06:00:00,11.4,88,35.5,7,2023,1,12,6,0,0,3,294.0
2023-01-12 07:00:00,11.4,88,33.8,7,2023,1,12,7,0,0,3,1173.0
2023-01-12 08:00:00,11.5,86,31.9,7,2023,1,12,8,0,0,3,2150.0
2023-01-12 09:00:00,11.4,89,31.6,7,2023,1,12,9,0,0,3,1176.0
2023-01-12 10:00:00,11.8,87,31.7,7,2023,1,12,10,0,0,3,384.0
2023-01-12 11:00:00,12.1,87,29.8,2,2023,1,12,11,0,0,3,579.0
2023-01-12 12:00:00,11.4,91,29.8,7,2023,1,12,12,0,0,3,358.0
2023-01-12 13:00:00,11.9,88,32.9,7,2023,1,12,13,0,0,3,351.0
2023-01-12 14:00:00,11.8,89,32.4,7,2023,1,12,14,0,0,3,304.0
2023-01-12 15:00:00,11.6,89,29.4,7,2023,1,12,15,0,0,3,336.0
2023-01-12 16:00:00,11.0,90,27.4,1,2023,1,12,16,0,0,3,1062.0
2023-01-12 17:00:00,10.3,90,28.7,7,2023,1,12,17,0,0,3,1485.0
2023-01-12 18:00:00,9.4,83,28.2,7,2023,1,12,18,0,0,3,1846.0
2023-01-12 19:00:00,8.2,79,28.7,1,2023,1,12,19,0,0,3,1208.0
2023-01-12 20:00:00,7.7,78,29.3,1,2023,1,12,20,0,0,3,634.0
2023-01-12 21:00:00,7.2,76,29.4,1,2023,1,12,21,0,0,3,512.0
2023-01-12 22:00:00,7.1,76,32.6,1,2023,1,12,22,0,0,3,424.0
2023-01-12 23:00:00,7.2,74,33.9,1,2023,1,12,23,0,0,3,316.0
2023-01-13 00:00:00,7.9,78,30.9,1,2023,1,13,0,0,0,3,216.0
2023-01-13 01:00:00,7.6,77,33.5,1,2023,1,13,1,0,0,3,170.0
2023-01-13 02:00:00,6.9,79,29.7,1,2023,1,13,2,0,0,3,94.0
2023-01-13 03:00:00,7.0,73,33.8,1,2023,1,13,3,0,0,3,90.0
2023-01-13 04:00:00,6.9,73,33.6,1,2023,1,13,4,0,0,3,95.0
2023-01-13 05:00:00,6.7,74,32.2,1,2023,1,13,5,0,0,3,152.0
2023-01-13 06:00:00,6.7,74,32.3,1,2023,1,13,6,0,0,3,541.0
2023-01-13 07:00:00,6.8,74,30.8,1,2023,1,13,7,0,0,3,1611.0
2023-01-13 08:00:00,6.8,73,30.9,1,2023,1,13,8,0,0,3,2804.0
2023-01-13 09:00:00,7.2,71,32.6,1,2023,1,13,9,0,0,3,1663.0
2023-01-13 10:00:00,7.9,71,32.2,1,2023,1,13,10,0,0,3,877.0
2023-01-13 11:00:00,8.9,69,28.7,1,2023,1,13,11,0,0,3,863.0
2023-01-13 12:00:00,9.8,68,32.6,1,2023,1,13,12,0,0,3,1066.0
2023-01-13 13:00:00,10.2,64,33.0,1,2023,1,13,13,0,0,3,1110.0
2023-01-13 14:00:00,9.9,68,30.3,1,2023,1,13,14,0,0,3,1070.0
2023-01-13 15:00:00,9.6,67,25.3,1,2023,1,13,15,0,0,3,1164.0
2023-01-13 16:00:00,8.5,69,22.3,1,2023,1,13,16,0,0,3,1417.0
2023-01-13 17:00:00,7.6,72,21.7,1,2023,1,13,17,0,0,3,2608.0
2023-01-13 18:00:00,6.9,76,19.9,2,2023,1,13,18,0,0,3,2422.0
2023-01-13 19:00:00,6.1,78,16.1,2,2023,1,13,19,0,0,3,1266.0
2023-01-13 20:00:00,5.5,79,15.3,2,2023,1,13,20,0,0,3,666.0
2023-01-13 21:00:00,5.2,80,16.1,2,2023,1,13,21,0,0,3,510.0
2023-01-13 22:00:00,5.0,84,14.3,2,2023,1,13,22,0,0,3,403.0
2023-01-13 23:00:00,5.7,84,16.4,2,2023,1,13,23,0,0,3,283.0
2023-01-14 00:00:00,6.8,86,17.9,2,2023,1,14,0,1,0,3,610.0
2023-01-14 01:00:00,7.5,85,17.7,7,2023,1,14,1,1,0,3,528.0
2023-01-14 02:00:00,7.9,86,21.3,7,2023,1,14,2,1,0,3,242.0
2023-01-14 03:00:00,8.3,92,23.8,7,2023,1,14,3,1,0,3,202.0
2023-01-14 04:00:00,8.8,91,28.3,7,2023,1,14,4,1,0,3,145.0
2023-01-14 05:00:00,9.2,90,30.7,7,2023,1,14,5,1,0,3,99.0
2023-01-14 06:00:00,9.6,88,37.1,7,2023,1,14,6,1,0,3,85.0
2023-01-14 07:00:00,9.9,89,40.4,7,2023,1,14,7,1,0,3,15.0
2023-01-14 08:00:00,10.8,89,40.0,7,2023,1,14,8,1,0,3,23.0
2023-01-14 09:00:00,11.3,89,39.7,7,2023,1,14,9,1,0,3,133.0
2023-01-14 10:00:00,11.7,88,37.3,7,2023,1,14,10,1,0,3,302.0
2023-01-14 11:00:00,12.1,89,33.6,2,2023,1,14,11,1,0,3,867.0
2023-01-14 12:00:00,12.0,92,29.7,7,2023,1,14,12,1,0,3,570.0
2023-01-14 13:00:00,11.5,88,25.1,7,2023,1,14,13,1,0,3,583.0
2023-01-14 14:00:00,10.9,83,26.1,2,2023,1,14,14,1,0,3,1127.0
2023-01-14 15:00:00,10.1,81,28.7,2,2023,1,14,15,1,0,3,1162.0
2023-01-14 16:00:00,9.2,77,25.9,2,2023,1,14,16,1,0,3,1164.0
2023-01-14 17:00:00,8.1,69,24.8,2,2023,1,14,17,1,0,3,1194.0
2023-01-14 18:00:00,7.2,71,24.4,2,2023,1,14,18,1,0,3,904.0
2023-01-14 19:00:00,6.7,68,26.1,2,2023,1,14,19,1,0,3,710.0
2023-01-14 20:00:00,6.3,70,26.0,2,2023,1,14,20,1,0,3,365.0
2023-01-14 21:00:00,5.9,70,26.5,2,2023,1,14,21,1,0,3,289.0
2023-01-14 22:00:00,5.7,70,26.7,2,2023,1,14,22,1,0,3,265.0
2023-01-14 23:00:00,5.7,69,27.0,2,2023,1,14,23,1,0,3,298.0
2023-01-15 00:00:00,5.4,70,26.6,2,2023,1,15,0,1,0,3,632.0
2023-01-15 01:00:00,5.1,69,26.1,1,2023,1,15,1,1,0,3,643.0
2023-01-15 02:00:00,4.3,71,24.9,1,2023,1,15,2,1,0,3,342.0
2023-01-15 03:00:00,3.8,72,26.4,1,2023,1,15,3,1,0,3,205.0
2023-01-15 04:00:00,3.8,72,27.6,1,2023,1,15,4,1,0,3,127.0
2023-01-15 05:00:00,3.9,72,28.9,2,2023,1,15,5,1,0,3,96.0
2023-01-15 06:00:00,3.8,70,28.5,1,2023,1,15,6,1,0,3,136.0
2023-01-15 07:00:00,4.1,71,27.6,1,2023,1,15,7,1,0,3,117.0
2023-01-15 08:00:00,4.2,71,28.9,1,2023,1,15,8,1,0,3,251.0
2023-01-15 09:00:00,5.1,71,29.6,1,2023,1,15,9,1,0,3,656.0
2023-01-15 10:00:00,6.1,70,28.4,1,2023,1,15,10,1,0,3,989.0
2023-01-15 11:00:00,6.9,69,24.2,1,2023,1,15,11,1,0,3,1262.0
2023-01-15 12:00:00,7.4,71,28.2,1,2023,1,15,12,1,0,3,1349.0
2023-01-15 13:00:00,7.7,69,25.4,1,2023,1,15,13,1,0,3,1539.0
2023-01-15 14:00:00,7.4,69,22.6,1,2023,1,15,14,1,0,3,1549.0
2023-01-15 15:00:00,6.9,71,17.6,1,2023,1,15,15,1,0,3,1541.0
2023-01-15 16:00:00,5.7,75,15.6,1,2023,1,15,16,1,0,3,1252.0
2023-01-15 17:00:00,4.4,81,15.0,1,2023,1,15,17,1,0,3,980.0
2023-01-15 18:00:00,3.8,85,14.6,1,2023,1,15,18,1,0,3,765.0
2023-01-15 19:00:00,3.3,89,14.3,2,2023,1,15,19,1,0,3,491.0
2023-01-15 20:00:00,3.0,91,13.4,2,2023,1,15,20,1,0,3,312.0
2023-01-15 21:00:00,2.5,92,10.3,2,2023,1,15,21,1,0,3,236.0
2023-01-15 22:00:00,1.0,94,8.6,2,2023,1,15,22,1,0,3,132.0
2023-01-15 23:00:00,0.8,95,9.3,2,2023,1,15,23,1,0,3,90.0
2023-01-16 00:00:00,3.8,87,10.4,2,2023,1,16,0,0,0,3,269.0
2023-01-16 01:00:00,3.6,89,13.2,7,2023,1,16,1,0,0,3,135.0
2023-01-16 02:00:00,3.8,92,17.6,7,2023,1,16,2,0,0,3,32.0
2023-01-16 03:00:00,4.4,92,18.5,7,2023,1,16,3,0,0,3,28.0
2023-01-16 04:00:00,3.2,99,21.9,7,2023,1,16,4,0,0,3,3.0
2023-01-16 05:00:00,2.5,99,23.6,26,2023,1,16,5,0,0,3,49.0
2023-01-16 06:00:00,3.3,97,22.0,26,2023,1,16,6,0,0,3,328.0
2023-01-16 07:00:00,4.0,92,25.3,7,2023,1,16,7,0,0,3,1052.0
2023-01-16 08:00:00,3.0,91,25.7,7,2023,1,16,8,0,0,3,2035.0
2023-01-16 09:00:00,3.0,90,23.5,2,2023,1,16,9,0,0,3,1552.0
2023-01-16 10:00:00,3.2,91,21.5,2,2023,1,16,10,0,0,3,766.0
2023-01-16 11:00:00,3.7,88,27.9,2,2023,1,16,11,0,0,3,658.0
2023-01-16 12:00:00,4.8,83,27.5,2,2023,1,16,12,0,0,3,795.0
2023-01-16 13:00:00,5.0,81,26.9,7,2023,1,16,13,0,0,3,641.0
2023-01-16 14:00:00,4.8,79,25.1,7,2023,1,16,14,0,0,3,573.0
2023-01-16 15:00:00,4.1,78,25.0,7,2023,1,16,15,0,0,3,672.0
2023-01-16 16:00:00,3.2,78,18.2,2,2023,1,16,16,0,0,3,1230.0
2023-01-16 17:00:00,1.9,83,14.5,1,2023,1,16,17,0,0,3,2147.0
2023-01-16 18:00:00,0.6,85,10.7,1,2023,1,16,18,0,0,3,1928.0
2023-01-16 19:00:00,-1.0,90,8.1,1,2023,1,16,19,0,0,3,871.0
2023-01-16 20:00:00,-1.6,89,8.6,1,2023,1,16,20,0,0,3,407.0
2023-01-16 21:00:00,-3.0,87,7.4,1,2023,1,16,21,0,0,3,313.0
2023-01-16 22:00:00,-4.1,87,7.3,1,2023,1,16,22,0,0,3,255.0
2023-01-16 23:00:00,-4.2,88,7.3,1,2023,1,16,23,0,0,3,140.0
2023-01-17 00:00:00,-4.1,87,7.8,2,2023,1,17,0,0,0,3,160.0
2023-01-17 01:00:00,-3.9,88,7.7,2,2023,1,17,1,0,0,3,97.0
2023-01-17 02:00:00,-3.4,87,4.5,2,2023,1,17,2,0,0,3,19.0
2023-01-17 03:00:00,-3.2,89,2.6,2,2023,1,17,3,0,0,3,0.0
2023-01-17 04:00:00,-3.4,90,4.4,2,2023,1,17,4,0,0,3,0.0
2023-01-17 05:00:00,-3.0,91,4.0,2,2023,1,17,5,0,0,3,38.0
2023-01-17 06:00:00,-3.1,95,2.6,2,2023,1,17,6,0,0,3,472.0
2023-01-17 07:00:00,-4.7,97,7.2,2,2023,1,17,7,0,0,3,1480.0
2023-01-17 08:00:00,-3.4,96,5.6,2,2023,1,17,8,0,0,3,2618.0
2023-01-17 09:00:00,-3.0,96,0.8,2,2023,1,17,9,0,0,3,1554.0
2023-01-17 10:00:00,-1.5,88,3.1,2,2023,1,17,10,0,0,3,748.0
2023-01-17 11:00:00,0.0,83,1.9,2,2023,1,17,11,0,0,3,654.0
2023-01-17 12:00:00,1.2,78,2.0,2,2023,1,17,12,0,0,3,905.0
2023-01-17 13:00:00,2.2,74,4.2,2,2023,1,17,13,0,0,3,1047.0
2023-01-17 14:00:00,2.5,74,6.1,2,2023,1,17,14,0,0,3,1035.0
2023-01-17 15:00:00,1.5,77,4.8,2,2023,1,17,15,0,0,3,948.0
2023-01-17 16:00:00,-1.5,87,9.7,2,2023,1,17,16,0,0,3,1029.0
2023-01-17 17:00:00,-2.7,89,9.0,2,2023,1,17,17,0,0,3,1991.0
2023-01-17 18:00:00,-3.0,91,8.4,2,2023,1,17,18,0,0,3,1907.0
2023-01-17 19:00:00,-2.8,90,9.2,2,2023,1,17,19,0,0,3,1039.0
2023-01-17 20:00:00,-3.2,91,8.1,2,2023,1,17,20,0,0,3,546.0
2023-01-17 21:00:00,-3.8,93,7.6,1,2023,1,17,21,0,0,3,329.0
2023-01-17 22:00:00,-3.8,93,8.2,1,2023,1,17,22,0,0,3,251.0
2023-01-17 23:00:00,-3.8,93,9.3,1,2023,1,17,23,0,0,3,152.0
2023-01-18 00:00:00,-2.2,90,11.1,1,2023,1,18,0,0,0,3,168.0
2023-01-18 01:00:00,-2.7,91,9.7,1,2023,1,18,1,0,0,3,79.0
2023-01-18 02:00:00,-2.8,91,9.7,1,2023,1,18,2,0,0,3,1.0
2023-01-18 03:00:00,-2.9,91,9.7,1,2023,1,18,3,0,0,3,0.0
2023-01-18 04:00:00,-2.8,91,10.5,2,2023,1,18,4,0,0,3,65.0
2023-01-18 05:00:00,-2.6,91,10.4,2,2023,1,18,5,0,0,3,129.0
2023-01-18 06:00:00,-2.2,91,11.3,1,2023,1,18,6,0,0,3,409.0
2023-01-18 07:00:00,-2.3,91,10.5,2,2023,1,18,7,0,0,3,1492.0
2023-01-18 08:00:00,-2.3,92,9.8,2,2023,1,18,8,0,0,3,2716.0
2023-01-18 09:00:00,-1.3,90,12.4,1,2023,1,18,9,0,0,3,1425.0
2023-01-18 10:00:00,0.4,84,14.0,1,2023,1,18,10,0,0,3,714.0
2023-01-18 11:00:00,2.2,77,15.6,2,2023,1,18,11,0,0,3,880.0
2023-01-18 12:00:00,3.5,75,14.8,2,2023,1,18,12,0,0,3,1071.0
2023-01-18 13:00:00,4.2,73,17.2,2,2023,1,18,13,0,0,3,1132.0
2023-01-18 14:00:00,4.5,71,14.7,2,2023,1,18,14,0,0,3,1067.0
2023-01-18 15:00:00,3.7,75,12.2,1,2023,1,18,15,0,0,3,1096.0
2023-01-18 16:00:00,1.6,82,10.0,1,2023,1,18,16,0,0,3,809.0
2023-01-18 17:00:00,-0.4,88,9.4,1,2023,1,18,17,0,0,3,1719.0
2023-01-18 18:00:00,-0.4,89,10.8,1,2023,1,18,18,0,0,3,1788.0
2023-01-18 19:00:00,-0.5,90,10.9,1,2023,1,18,19,0,0,3,916.0
2023-01-18 20:00:00,-0.8,91,10.1,1,2023,1,18,20,0,0,3,458.0
2023-01-18 21:00:00,-1.0,92,10.2,1,2023,1,18,21,0,0,3,365.0
2023-01-18 22:00:00,-1.4,93,9.8,1,2023,1,18,22,0,0,3,290.0
2023-01-18 23:00:00,-1.4,93,9.7,1,2023,1,18,23,0,0,3,171.0
2023-01-19 00:00:00,-1.0,93,7.9,1,2023,1,19,0,0,0,3,53.0
2023-01-19 01:00:00,-1.4,93,8.4,1,2023,1,19,1,0,0,3,6.0
2023-01-19 02:00:00,-1.8,94,7.8,1,2023,1,19,2,0,0,3,0.0
2023-01-19 03:00:00,-2.2,94,7.4,1,2023,1,19,3,0,0,3,0.0
2023-01-19 04:00:00,-2.3,94,7.5,1,2023,1,19,4,0,0,3,0.0
2023-01-19 05:00:00,-2.5,94,7.3,2,2023,1,19,5,0,0,3,76.0
2023-01-19 06:00:00,-2.6,94,6.9,2,2023,1,19,6,0,0,3,469.0
2023-01-19 07:00:00,-2.9,95,7.6,2,2023,1,19,7,0,0,3,1445.0
2023-01-19 08:00:00,-3.3,95,8.4,2,2023,1,19,8,0,0,3,2754.0
2023-01-19 09:00:00,-1.4,94,6.9,1,2023,1,19,9,0,0,3,1338.0
2023-01-19 10:00:00,0.3,90,7.7,1,2023,1,19,10,0,0,3,509.0
2023-01-19 11:00:00,1.6,86,8.2,1,2023,1,19,11,0,0,3,427.0
2023-01-19 12:00:00,2.8,84,8.6,1,2023,1,19,12,0,0,3,844.0
2023-01-19 13:00:00,3.7,80,9.5,1,2023,1,19,13,0,0,3,1014.0
2023-01-19 14:00:00,4.1,79,9.4,1,2023,1,19,14,0,0,3,878.0
2023-01-19 15:00:00,3.8,81,8.0,1,2023,1,19,15,0,0,3,908.0
2023-01-19 16:00:00,1.1,89,8.0,1,2023,1,19,16,0,0,3,750.0
2023-01-19 17:00:00,-0.4,91,8.8,1,2023,1,19,17,0,0,3,1675.0
2023-01-19 18:00:00,-0.3,91,9.8,1,2023,1,19,18,0,0,3,1662.0
2023-01-19 19:00:00,-0.6,90,10.1,1,2023,1,19,19,0,0,3,908.0
2023-01-19 20:00:00,-0.6,90,10.8,2,2023,1,19,20,0,0,3,603.0
2023-01-19 21:00:00,-1.0,90,10.3,1,2023,1,19,21,0,0,3,379.0
2023-01-19 22:00:00,-1.2,90,10.4,1,2023,1,19,22,0,0,3,311.0
2023-01-19 23:00:00,-1.2,90,10.9,1,2023,1,19,23,0,0,3,229.0
2023-01-20 00:00:00,-0.3,88,13.4,1,2023,1,20,0,0,0,3,182.0
2023-01-20 01:00:00,-0.2,88,13.4,1,2023,1,20,1,0,0,3,133.0
2023-01-20 02:00:00,-0.3,88,12.7,1,2023,1,20,2,0,0,3,55.0
2023-01-20 03:00:00,-0.4,88,12.0,1,2023,1,20,3,0,0,3,11.0
2023-01-20 04:00:00,-0.2,87,11.6,1,2023,1,20,4,0,0,3,0.0
2023-01-20 05:00:00,-0.1,87,11.5,1,2023,1,20,5,0,0,3,21.0
2023-01-20 06:00:00,-0.3,88,11.5,1,2023,1,20,6,0,0,3,423.0
2023-01-20 07:00:00,-0.4,89,11.9,1,2023,1,20,7,0,0,3,1326.0
2023-01-20 08:00:00,-0.5,90,11.2,1,2023,1,20,8,0,0,3,2348.0
2023-01-20 09:00:00,0.6,90,12.2,1,2023,1,20,9,0,0,3,1344.0
2023-01-20 10:00:00,2.7,84,17.1,1,2023,1,20,10,0,0,3,753.0
2023-01-20 11:00:00,4.2,82,14.7,1,2023,1,20,11,0,0,3,725.0
2023-01-20 12:00:00,5.2,78,16.3,1,2023,1,20,12,0,0,3,985.0
2023-01-20 13:00:00,5.8,74,17.7,1,2023,1,20,13,0,0,3,1045.0
2023-01-20 14:00:00,5.9,72,17.4,1,2023,1,20,14,0,0,3,1024.0
2023-01-20 15:00:00,5.6,75,14.1,1,2023,1,20,15,0,0,3,1061.0
2023-01-20 16:00:00,4.2,81,11.0,1,2023,1,20,16,0,0,3,1133.0
2023-01-20 17:00:00,2.8,87,10.9,1,2023,1,20,17,0,0,3,1989.0
2023-01-20 18:00:00,2.2,88,10.8,1,2023,1,20,18,0,0,3,1933.0
2023-01-20 19:00:00,1.8,88,11.1,1,2023,1,20,19,0,0,3,926.0
2023-01-20 20:00:00,1.2,89,10.8,1,2023,1,20,20,0,0,3,481.0
2023-01-20 21:00:00,0.9,91,10.5,1,2023,1,20,21,0,0,3,355.0
2023-01-20 22:00:00,0.6,93,10.1,1,2023,1,20,22,0,0,3,200.0
2023-01-20 23:00:00,0.5,93,10.5,1,2023,1,20,23,0,0,3,186.0
2023-01-21 00:00:00,2.2,92,10.5,2,2023,1,21,0,1,0,3,625.0
2023-01-21 01:00:00,3.0,90,11.2,2,2023,1,21,1,1,0,3,602.0
2023-01-21 02:00:00,2.0,94,9.0,1,2023,1,21,2,1,0,3,268.0
2023-01-21 03:00:00,0.6,95,8.8,1,2023,1,21,3,1,0,3,122.0
2023-01-21 04:00:00,-1.3,96,10.0,1,2023,1,21,4,1,0,3,169.0
2023-01-21 05:00:00,-1.6,96,9.4,1,2023,1,21,5,1,0,3,54.0
2023-01-21 06:00:00,-1.3,95,8.4,2,2023,1,21,6,1,0,3,35.0
2023-01-21 07:00:00,-0.9,94,7.6,2,2023,1,21,7,1,0,3,0.0
2023-01-21 08:00:00,-1.1,95,9.1,2,2023,1,21,8,1,0,3,168.0
2023-01-21 09:00:00,0.4,94,4.4,2,2023,1,21,9,1,0,3,383.0
2023-01-21 10:00:00,2.0,89,5.2,1,2023,1,21,10,1,0,3,853.0
2023-01-21 11:00:00,3.3,85,5.4,1,2023,1,21,11,1,0,3,1046.0
2023-01-21 12:00:00,4.3,82,3.4,1,2023,1,21,12,1,0,3,1200.0
2023-01-21 13:00:00,5.1,79,4.4,1,2023,1,21,13,1,0,3,1401.0
2023-01-21 14:00:00,5.3,77,4.8,1,2023,1,21,14,1,0,3,1498.0
2023-01-21 15:00:00,4.4,87,5.7,1,2023,1,21,15,1,0,3,1198.0
2023-01-21 16:00:00,3.8,81,6.3,1,2023,1,21,16,1,0,3,1190.0
2023-01-21 17:00:00,0.9,90,8.4,1,2023,1,21,17,1,0,3,674.0
2023-01-21 18:00:00,0.4,93,7.9,1,2023,1,21,18,1,0,3,470.0
2023-01-21 19:00:00,0.3,95,6.8,1,2023,1,21,19,1,0,3,307.0
2023-01-21 20:00:00,0.3,99,5.6,1,2023,1,21,20,1,0,3,117.0
2023-01-21 21:00:00,-0.4,100,2.6,2,2023,1,21,21,1,0,3,124.0
2023-01-21 22:00:00,-2.2,100,4.5,2,2023,1,21,22,1,0,3,159.0
2023-01-21 23:00:00,-2.2,100,4.2,2,2023,1,21,23,1,0,3,137.0
2023-01-22 00:00:00,-2.1,100,5.2,2,2023,1,22,0,1,0,3,499.0
2023-01-22 01:00:00,-1.5,100,3.1,2,2023,1,22,1,1,0,3,486.0
2023-01-22 02:00:00,-1.8,100,1.5,2,2023,1,22,2,1,0,3,272.0
2023-01-22 03:00:00,-2.2,99,2.5,2,2023,1,22,3,1,0,3,211.0
2023-01-22 04:00:00,-1.9,99,1.8,2,2023,1,22,4,1,0,3,91.0
2023-01-22 05:00:00,-3.6,98,3.3,2,2023,1,22,5,1,0,3,43.0
2023-01-22 06:00:00,-3.3,98,2.6,2,2023,1,22,6,1,0,3,63.0
2023-01-22 07:00:00,-3.1,95,4.8,2,2023,1,22,7,1,0,3,0.0
2023-01-22 08:00:00,-3.5,97,2.8,2,2023,1,22,8,1,0,3,208.0
2023-01-22 09:00:00,-3.0,86,1.3,2,2023,1,22,9,1,0,3,428.0
2023-01-22 10:00:00,-2.3,82,4.7,2,2023,1,22,10,1,0,3,782.0
2023-01-22 11:00:00,-1.1,85,3.9,2,2023,1,22,11,1,0,3,933.0
2023-01-22 12:00:00,-0.9,88,2.5,2,2023,1,22,12,1,0,3,1049.0
2023-01-22 13:00:00,0.6,87,0.8,2,2023,1,22,13,1,0,3,1044.0
2023-01-22 14:00:00,1.5,85,0.8,2,2023,1,22,14,1,0,3,1057.0
2023-01-22 15:00:00,1.5,84,0.8,2,2023,1,22,15,1,0,3,1066.0
2023-01-22 16:00:00,-0.3,92,4.8,2,2023,1,22,16,1,0,3,877.0
2023-01-22 17:00:00,-1.1,98,4.5,2,2023,1,22,17,1,0,3,538.0
2023-01-22 18:00:00,-1.5,99,3.6,2,2023,1,22,18,1,0,3,394.0
2023-01-22 19:00:00,-2.5,100,5.4,2,2023,1,22,19,1,0,3,332.0
2023-01-22 20:00:00,-3.1,99,3.0,2,2023,1,22,20,1,0,3,180.0
2023-01-22 21:00:00,-3.1,97,1.9,2,2023,1,22,21,1,0,3,173.0
2023-01-22 22:00:00,-3.5,92,2.9,2,2023,1,22,22,1,0,3,168.0
2023-01-22 23:00:00,-3.7,90,3.4,2,2023,1,22,23,1,0,3,149.0
2023-01-23 00:00:00,-3.0,97,3.9,2,2023,1,23,0,0,0,3,148.0
2023-01-23 01:00:00,-3.4,97,1.8,2,2023,1,23,1,0,0,3,85.0
2023-01-23 02:00:00,-3.7,92,2.9,2,2023,1,23,2,0,0,3,17.0
2023-01-23 03:00:00,-3.8,85,2.6,2,2023,1,23,3,0,0,3,16.0
2023-01-23 04:00:00,-3.8,81,1.5,2,2023,1,23,4,0,0,3,0.0
2023-01-23 05:00:00,-3.8,77,3.6,2,2023,1,23,5,0,0,3,55.0
2023-01-23 06:00:00,-3.8,74,2.9,2,2023,1,23,6,0,0,3,510.0
2023-01-23 07:00:00,-4.1,75,1.8,2,2023,1,23,7,0,0,3,1614.0
2023-01-23 08:00:00,-4.2,75,2.1,2,2023,1,23,8,0,0,3,2889.0
2023-01-23 09:00:00,-3.8,74,2.9,2,2023,1,23,9,0,0,3,1738.0
2023-01-23 10:00:00,-2.9,81,3.3,2,2023,1,23,10,0,0,3,778.0
2023-01-23 11:00:00,-1.4,84,3.6,2,2023,1,23,11,0,0,3,755.0
2023-01-23 12:00:00,-0.5,84,2.5,2,2023,1,23,12,0,0,3,860.0
2023-01-23 13:00:00,1.2,84,2.9,2,2023,1,23,13,0,0,3,856.0
2023-01-23 14:00:00,2.5,80,5.5,2,2023,1,23,14,0,0,3,996.0
2023-01-23 15:00:00,3.2,79,5.2,2,2023,1,23,15,0,0,3,1096.0
2023-01-23 16:00:00,2.2,87,5.5,2,2023,1,23,16,0,0,3,1081.0
2023-01-23 17:00:00,1.5,91,6.6,2,2023,1,23,17,0,0,3,1918.0
2023-01-23 18:00:00,1.1,94,5.8,2,2023,1,23,18,0,0,3,1560.0
2023-01-23 19:00:00,1.4,94,6.3,2,2023,1,23,19,0,0,3,908.0
2023-01-23 20:00:00,1.2,93,5.9,2,2023,1,23,20,0,0,3,487.0
2023-01-23 21:00:00,1.4,93,6.6,2,2023,1,23,21,0,0,3,399.0
2023-01-23 22:00:00,1.5,93,5.8,2,2023,1,23,22,0,0,3,312.0
2023-01-23 23:00:00,1.6,94,5.3,2,2023,1,23,23,0,0,3,196.0
2023-01-24 00:00:00,1.2,94,5.4,2,2023,1,24,0,0,0,3,140.0
2023-01-24 01:00:00,1.7,94,5.4,2,2023,1,24,1,0,0,3,87.0
2023-01-24 02:00:00,1.9,94,5.9,2,2023,1,24,2,0,0,3,0.0
2023-01-24 03:00:00,2.3,93,5.8,2,2023,1,24,3,0,0,3,49.0
2023-01-24 04:00:00,2.2,94,7.3,2,2023,1,24,4,0,0,3,63.0
2023-01-24 05:00:00,1.8,95,6.9,2,2023,1,24,5,0,0,3,58.0
2023-01-24 06:00:00,1.5,94,7.2,2,2023,1,24,6,0,0,3,458.0
2023-01-24 07:00:00,1.5,94,6.6,2,2023,1,24,7,0,0,3,1425.0
2023-01-24 08:00:00,1.5,93,7.1,2,2023,1,24,8,0,0,3,2615.0
2023-01-24 09:00:00,2.0,91,9.6,2,2023,1,24,9,0,0,3,1575.0
2023-01-24 10:00:00,2.3,91,8.0,2,2023,1,24,10,0,0,3,813.0
2023-01-24 11:00:00,3.4,88,7.4,2,2023,1,24,11,0,0,3,837.0
2023-01-24 12:00:00,3.2,87,6.0,1,2023,1,24,12,0,0,3,932.0
2023-01-24 13:00:00,4.4,76,8.9,2,2023,1,24,13,0,0,3,1123.0
2023-01-24 14:00:00,4.8,73,7.2,1,2023,1,24,14,0,0,3,1080.0
2023-01-24 15:00:00,4.8,73,6.3,1,2023,1,24,15,0,0,3,1189.0
2023-01-24 16:00:00,3.2,86,6.3,1,2023,1,24,16,0,0,3,1052.0
2023-01-24 17:00:00,1.2,90,6.5,2,2023,1,24,17,0,0,3,1920.0
2023-01-24 18:00:00,0.4,93,5.8,2,2023,1,24,18,0,0,3,1728.0
2023-01-24 19:00:00,-0.4,95,5.4,2,2023,1,24,19,0,0,3,868.0
2023-01-24 20:00:00,-1.1,96,5.1,2,2023,1,24,20,0,0,3,488.0
2023-01-24 21:00:00,-1.5,97,5.1,2,2023,1,24,21,0,0,3,426.0
2023-01-24 22:00:00,-1.7,98,5.4,2,2023,1,24,22,0,0,3,369.0
2023-01-24 23:00:00,-1.6,99,2.3,2,2023,1,24,23,0,0,3,264.0
2023-01-25 00:00:00,-2.0,99,2.0,2,2023,1,25,0,0,0,3,201.0
2023-01-25 01:00:00,-2.0,97,2.5,2,2023,1,25,1,0,0,3,114.0
2023-01-25 02:00:00,-2.4,96,4.0,2,2023,1,25,2,0,0,3,40.0
2023-01-25 03:00:00,-2.2,90,6.1,2,2023,1,25,3,0,0,3,54.0
2023-01-25 04:00:00,-2.4,92,7.9,2,2023,1,25,4,0,0,3,53.0
2023-01-25 05:00:00,-2.2,91,7.8,2,2023,1,25,5,0,0,3,91.0
2023-01-25 06:00:00,-2.2,91,8.0,2,2023,1,25,6,0,0,3,463.0
2023-01-25 07:00:00,-2.3,91,8.0,2,2023,1,25,7,0,0,3,1441.0
2023-01-25 08:00:00,-1.9,93,8.0,2,2023,1,25,8,0,0,3,2707.0
2023-01-25 09:00:00,-0.9,93,9.5,2,2023,1,25,9,0,0,3,1544.0
2023-01-25 10:00:00,-0.3,96,9.7,2,2023,1,25,10,0,0,3,862.0
2023-01-25 11:00:00,1.0,92,10.7,2,2023,1,25,11,0,0,3,808.0
2023-01-25 12:00:00,1.1,92,10.4,2,2023,1,25,12,0,0,3,958.0
2023-01-25 13:00:00,2.1,92,12.0,2,2023,1,25,13,0,0,3,1035.0
2023-01-25 14:00:00,2.6,93,10.9,2,2023,1,25,14,0,0,3,954.0
2023-01-25 15:00:00,2.8,96,10.7,7,2023,1,25,15,0,0,3,661.0
2023-01-25 16:00:00,3.0,97,10.1,2,2023,1,25,16,0,0,3,1122.0
2023-01-25 17:00:00,3.0,98,10.2,7,2023,1,25,17,0,0,3,1376.0
2023-01-25 18:00:00,3.2,98,11.7,7,2023,1,25,18,0,0,3,1229.0
2023-01-25 19:00:00,3.5,97,12.6,7,2023,1,25,19,0,0,3,652.0
2023-01-25 20:00:00,4.0,97,11.7,7,2023,1,25,20,0,0,3,382.0
2023-01-25 21:00:00,5.1,94,12.6,7,2023,1,25,21,0,0,3,346.0
2023-01-25 22:00:00,5.7,90,18.9,2,2023,1,25,22,0,0,3,408.0
2023-01-25 23:00:00,5.7,89,20.2,1,2023,1,25,23,0,0,3,175.0
2023-01-26 00:00:00,4.7,90,18.8,1,2023,1,26,0,0,0,3,207.0
2023-01-26 01:00:00,4.0,92,19.8,1,2023,1,26,1,0,0,3,182.0
2023-01-26 02:00:00,3.8,92,19.8,1,2023,1,26,2,0,0,3,92.0
2023-01-26 03:00:00,3.5,92,19.1,1,2023,1,26,3,0,0,3,73.0
2023-01-26 04:00:00,3.2,91,18.7,1,2023,1,26,4,0,0,3,82.0
2023-01-26 05:00:00,3.0,91,18.0,1,2023,1,26,5,0,0,3,118.0
2023-01-26 06:00:00,2.8,91,16.2,1,2023,1,26,6,0,0,3,478.0
2023-01-26 07:00:00,2.7,92,16.9,2,2023,1,26,7,0,0,3,1533.0
2023-01-26 08:00:00,3.0,92,17.3,2,2023,1,26,8,0,0,3,2738.0
2023-01-26 09:00:00,4.2,91,18.7,2,2023,1,26,9,0,0,3,1576.0
2023-01-26 10:00:00,5.1,90,19.5,2,2023,1,26,10,0,0,3,779.0
2023-01-26 11:00:00,6.1,87,22.7,2,2023,1,26,11,0,0,3,694.0
2023-01-26 12:00:00,6.2,90,18.4,7,2023,1,26,12,0,0,3,559.0
2023-01-26 13:00:00,6.9,85,21.3,7,2023,1,26,13,0,0,3,677.0
2023-01-26 14:00:00,7.8,77,23.7,7,2023,1,26,14,0,0,3,666.0
2023-01-26 15:00:00,7.5,79,20.2,1,2023,1,26,15,0,0,3,934.0
2023-01-26 16:00:00,6.6,82,18.3,1,2023,1,26,16,0,0,3,1008.0
2023-01-26 17:00:00,5.6,86,17.0,1,2023,1,26,17,0,0,3,1839.0
2023-01-26 18:00:00,4.7,90,16.9,1,2023,1,26,18,0,0,3,1685.0
2023-01-26 19:00:00,4.3,91,17.2,1,2023,1,26,19,0,0,3,892.0
2023-01-26 20:00:00,4.0,93,16.0,1,2023,1,26,20,0,0,3,501.0
2023-01-26 21:00:00,3.8,92,15.2,1,2023,1,26,21,0,0,3,379.0
2023-01-26 22:00:00,3.3,92,13.7,1,2023,1,26,22,0,0,3,314.0
2023-01-26 23:00:00,3.2,93,13.8,2,2023,1,26,23,0,0,3,292.0
2023-01-27 00:00:00,3.8,90,12.4,2,2023,1,27,0,0,0,3,269.0
2023-01-27 01:00:00,4.2,89,14.5,2,2023,1,27,1,0,0,3,253.0
2023-01-27 02:00:00,3.7,91,14.6,2,2023,1,27,2,0,0,3,152.0
2023-01-27 03:00:00,4.1,88,15.9,2,2023,1,27,3,0,0,3,135.0
2023-01-27 04:00:00,4.0,89,15.2,2,2023,1,27,4,0,0,3,135.0
2023-01-27 05:00:00,4.1,89,15.7,2,2023,1,27,5,0,0,3,173.0
2023-01-27 06:00:00,4.0,90,15.9,2,2023,1,27,6,0,0,3,553.0
2023-01-27 07:00:00,4.0,88,14.4,2,2023,1,27,7,0,0,3,1562.0
2023-01-27 08:00:00,4.1,87,14.0,2,2023,1,27,8,0,0,3,2738.0
2023-01-27 09:00:00,4.5,85,15.3,2,2023,1,27,9,0,0,3,1593.0
2023-01-27 10:00:00,5.5,80,18.4,2,2023,1,27,10,0,0,3,882.0
2023-01-27 11:00:00,6.2,77,21.5,1,2023,1,27,11,0,0,3,773.0
2023-01-27 12:00:00,6.8,72,20.1,2,2023,1,27,12,0,0,3,1083.0
2023-01-27 13:00:00,7.1,68,18.6,2,2023,1,27,13,0,0,3,1122.0
2023-01-27 14:00:00,7.1,66,16.7,2,2023,1,27,14,0,0,3,1126.0
2023-01-27 15:00:00,6.9,66,14.7,2,2023,1,27,15,0,0,3,1185.0
2023-01-27 16:00:00,6.2,70,10.3,2,2023,1,27,16,0,0,3,1351.0
2023-01-27 17:00:00,3.7,81,8.0,2,2023,1,27,17,0,0,3,2131.0
2023-01-27 18:00:00,2.8,85,8.8,1,2023,1,27,18,0,0,3,1839.0
2023-01-27 19:00:00,1.9,88,8.7,1,2023,1,27,19,0,0,3,689.0
2023-01-27 20:00:00,0.6,92,8.0,1,2023,1,27,20,0,0,3,265.0
2023-01-27 21:00:00,-0.7,94,9.9,1,2023,1,27,21,0,0,3,363.0
2023-01-27 22:00:00,-1.5,95,10.0,1,2023,1,27,22,0,0,3,293.0
2023-01-27 23:00:00,-2.0,95,10.1,1,2023,1,27,23,0,0,3,170.0
2023-01-28 00:00:00,-2.0,95,9.5,1,2023,1,28,0,1,0,3,614.0
2023-01-28 01:00:00,-2.0,95,9.4,2,2023,1,28,1,1,0,3,514.0
2023-01-28 02:00:00,-0.2,94,7.1,2,2023,1,28,2,1,0,3,319.0
2023-01-28 03:00:00,0.8,95,5.8,2,2023,1,28,3,1,0,3,191.0
2023-01-28 04:00:00,0.7,96,7.3,2,2023,1,28,4,1,0,3,179.0
2023-01-28 05:00:00,0.2,95,8.8,1,2023,1,28,5,1,0,3,72.0
2023-01-28 06:00:00,0.2,95,7.7,1,2023,1,28,6,1,0,3,53.0
2023-01-28 07:00:00,-1.4,96,9.4,1,2023,1,28,7,1,0,3,17.0
2023-01-28 08:00:00,-2.2,94,11.2,1,2023,1,28,8,1,0,3,353.0
2023-01-28 09:00:00,0.8,89,6.4,1,2023,1,28,9,1,0,3,364.0
2023-01-28 10:00:00,2.3,84,3.6,1,2023,1,28,10,1,0,3,831.0
2023-01-28 11:00:00,3.8,81,4.0,2,2023,1,28,11,1,0,3,1054.0
2023-01-28 12:00:00,4.6,73,6.8,2,2023,1,28,12,1,0,3,1414.0
2023-01-28 13:00:00,5.6,71,8.3,2,2023,1,28,13,1,0,3,1477.0
2023-01-28 14:00:00,5.8,72,8.2,2,2023,1,28,14,1,0,3,1505.0
2023-01-28 15:00:00,6.1,72,8.2,2,2023,1,28,15,1,0,3,1414.0
2023-01-28 16:00:00,5.3,80,4.7,2,2023,1,28,16,1,0,3,1136.0
2023-01-28 17:00:00,4.3,85,5.6,2,2023,1,28,17,1,0,3,757.0
2023-01-28 18:00:00,4.6,84,6.1,2,2023,1,28,18,1,0,3,739.0
2023-01-28 19:00:00,4.4,87,5.0,2,2023,1,28,19,1,0,3,445.0
2023-01-28 20:00:00,3.8,91,5.0,2,2023,1,28,20,1,0,3,262.0
2023-01-28 21:00:00,3.4,93,5.4,2,2023,1,28,21,1,0,3,274.0
2023-01-28 22:00:00,3.7,92,5.4,2,2023,1,28,22,1,0,3,255.0
2023-01-28 23:00:00,3.4,94,4.8,2,2023,1,28,23,1,0,3,239.0
2023-01-29 00:00:00,2.5,94,6.4,2,2023,1,29,0,1,0,3,588.0
2023-01-29 01:00:00,2.8,94,6.7,2,2023,1,29,1,1,0,3,545.0
2023-01-29 02:00:00,1.9,97,6.7,2,2023,1,29,2,1,0,3,315.0
2023-01-29 03:00:00,1.8,98,6.9,2,2023,1,29,3,1,0,3,254.0
2023-01-29 04:00:00,0.7,99,7.2,2,2023,1,29,4,1,0,3,166.0
2023-01-29 05:00:00,0.8,98,8.1,1,2023,1,29,5,1,0,3,40.0
2023-01-29 06:00:00,0.6,98,7.9,2,2023,1,29,6,1,0,3,70.0
2023-01-29 07:00:00,0.3,97,7.7,2,2023,1,29,7,1,0,3,6.0
2023-01-29 08:00:00,1.4,95,10.0,2,2023,1,29,8,1,0,3,345.0
2023-01-29 09:00:00,3.0,91,14.3,2,2023,1,29,9,1,0,3,564.0
2023-01-29 10:00:00,4.9,87,15.4,2,2023,1,29,10,1,0,3,852.0
2023-01-29 11:00:00,6.4,85,16.0,2,2023,1,29,11,1,0,3,1010.0
2023-01-29 12:00:00,6.5,88,18.4,2,2023,1,29,12,1,0,3,1135.0
2023-01-29 13:00:00,7.3,85,24.0,2,2023,1,29,13,1,0,3,1183.0
2023-01-29 14:00:00,7.8,85,25.3,2,2023,1,29,14,1,0,3,1084.0
2023-01-29 15:00:00,8.0,87,20.2,2,2023,1,29,15,1,0,3,1092.0
2023-01-29 16:00:00,8.1,87,17.9,2,2023,1,29,16,1,0,3,1039.0
2023-01-29 17:00:00,8.1,88,16.9,2,2023,1,29,17,1,0,3,873.0
2023-01-29 18:00:00,6.9,90,18.5,2,2023,1,29,18,1,0,3,616.0
2023-01-29 19:00:00,6.2,91,20.5,1,2023,1,29,19,1,0,3,390.0
2023-01-29 20:00:00,5.4,91,18.8,1,2023,1,29,20,1,0,3,325.0
2023-01-29 21:00:00,4.8,92,17.2,2,2023,1,29,21,1,0,3,293.0
2023-01-29 22:00:00,4.6,93,16.8,1,2023,1,29,22,1,0,3,268.0
2023-01-29 23:00:00,4.6,94,18.2,2,2023,1,29,23,1,0,3,251.0
2023-01-30 00:00:00,6.2,93,20.7,2,2023,1,30,0,0,0,3,301.0
2023-01-30 01:00:00,7.2,91,20.6,2,2023,1,30,1,0,0,3,274.0
2023-01-30 02:00:00,7.6,90,19.4,2,2023,1,30,2,0,0,3,163.0
2023-01-30 03:00:00,7.9,90,20.5,2,2023,1,30,3,0,0,3,140.0
2023-01-30 04:00:00,7.9,91,18.4,2,2023,1,30,4,0,0,3,154.0
2023-01-30 05:00:00,7.9,91,17.2,2,2023,1,30,5,0,0,3,185.0
2023-01-30 06:00:00,8.0,86,17.2,2,2023,1,30,6,0,0,3,499.0
2023-01-30 07:00:00,6.3,79,15.2,2,2023,1,30,7,0,0,3,1542.0
2023-01-30 08:00:00,4.6,83,13.2,2,2023,1,30,8,0,0,3,2755.0
2023-01-30 09:00:00,5.2,83,18.0,2,2023,1,30,9,0,0,3,1597.0
2023-01-30 10:00:00,6.8,73,23.5,1,2023,1,30,10,0,0,3,872.0
2023-01-30 11:00:00,8.0,67,20.5,1,2023,1,30,11,0,0,3,920.0
2023-01-30 12:00:00,8.3,67,18.7,1,2023,1,30,12,0,0,3,1096.0
2023-01-30 13:00:00,8.9,65,16.8,2,2023,1,30,13,0,0,3,1209.0
2023-01-30 14:00:00,8.9,65,15.8,2,2023,1,30,14,0,0,3,1176.0
2023-01-30 15:00:00,8.6,67,13.8,1,2023,1,30,15,0,0,3,1188.0
2023-01-30 16:00:00,7.4,74,8.8,1,2023,1,30,16,0,0,3,1332.0
2023-01-30 17:00:00,4.4,85,8.3,1,2023,1,30,17,0,0,3,1878.0
2023-01-30 18:00:00,3.3,89,8.4,1,2023,1,30,18,0,0,3,1679.0
2023-01-30 19:00:00,2.5,91,8.2,1,2023,1,30,19,0,0,3,779.0
2023-01-30 20:00:00,1.8,93,8.2,1,2023,1,30,20,0,0,3,195.0
2023-01-30 21:00:00,1.1,94,8.2,1,2023,1,30,21,0,0,3,177.0
2023-01-30 22:00:00,1.1,94,8.5,1,2023,1,30,22,0,0,3,99.0
2023-01-30 23:00:00,1.1,94,9.3,1,2023,1,30,23,0,0,3,9.0
2023-01-31 00:00:00,1.8,93,10.5,1,2023,1,31,0,0,0,3,127.0
2023-01-31 01:00:00,2.8,92,12.1,2,2023,1,31,1,0,0,3,178.0
2023-01-31 02:00:00,4.0,89,15.8,2,2023,1,31,2,0,0,3,88.0
2023-01-31 03:00:00,3.3,91,15.6,2,2023,1,31,3,0,0,3,81.0
2023-01-31 04:00:00,4.9,84,18.2,2,2023,1,31,4,0,0,3,81.0
2023-01-31 05:00:00,5.4,82,18.5,1,2023,1,31,5,0,0,3,112.0
2023-01-31 06:00:00,4.9,87,19.5,2,2023,1,31,6,0,0,3,440.0
2023-01-31 07:00:00,5.1,91,19.5,2,2023,1,31,7,0,0,3,1469.0
2023-01-31 08:00:00,6.9,88,19.7,2,2023,1,31,8,0,0,3,2620.0
2023-01-31 09:00:00,8.0,85,20.4,2,2023,1,31,9,0,0,3,1573.0
2023-01-31 10:00:00,9.4,82,24.9,2,2023,1,31,10,0,0,3,717.0
2023-01-31 11:00:00,10.2,81,20.7,2,2023,1,31,11,0,0,3,764.0
2023-01-31 12:00:00,10.1,82,20.8,2,2023,1,31,12,0,0,3,835.0
2023-01-31 13:00:00,11.4,73,25.6,7,2023,1,31,13,0,0,3,649.0
2023-01-31 14:00:00,11.3,69,23.7,1,2023,1,31,14,0,0,3,1034.0
2023-01-31 15:00:00,10.8,64,20.1,1,2023,1,31,15,0,0,3,1170.0
2023-01-31 16:00:00,9.2,67,14.7,1,2023,1,31,16,0,0,3,1354.0
2023-01-31 17:00:00,6.8,76,10.8,1,2023,1,31,17,0,0,3,2166.0
2023-01-31 18:00:00,5.3,83,10.5,1,2023,1,31,18,0,0,3,1839.0
2023-01-31 19:00:00,4.6,85,10.9,1,2023,1,31,19,0,0,3,804.0
2023-01-31 20:00:00,4.1,86,12.1,1,2023,1,31,20,0,0,3,403.0
2023-01-31 21:00:00,3.8,86,13.7,1,2023,1,31,21,0,0,3,353.0
2023-01-31 22:00:00,3.3,87,13.2,2,2023,1,31,22,0,0,3,351.0
2023-01-31 23:00:00,3.2,87,14.2,1,2023,1,31,23,0,0,3,250.0
2023-02-01 00:00:00,3.8,85,16.3,1,2023,2,1,0,0,0,3,464.0
2023-02-01 01:00:00,3.9,85,17.1,2,2023,2,1,1,0,0,3,371.0
2023-02-01 02:00:00,4.1,81,17.4,2,2023,2,1,2,0,0,3,187.0
2023-02-01 03:00:00,4.0,81,18.2,2,2023,2,1,3,0,0,3,194.0
2023-02-01 04:00:00,4.1,80,18.4,2,2023,2,1,4,0,0,3,129.0
2023-02-01 05:00:00,4.2,81,18.3,2,2023,2,1,5,0,0,3,222.0
2023-02-01 06:00:00,4.2,83,18.0,1,2023,2,1,6,0,0,3,342.0
2023-02-01 07:00:00,4.0,85,18.0,1,2023,2,1,7,0,0,3,1014.0
2023-02-01 08:00:00,4.2,85,20.2,1,2023,2,1,8,0,0,3,1589.0
2023-02-01 09:00:00,5.4,80,22.5,2,2023,2,1,9,0,0,3,1537.0
2023-02-01 10:00:00,7.2,74,25.7,2,2023,2,1,10,0,0,3,771.0
2023-02-01 11:00:00,8.4,71,24.4,1,2023,2,1,11,0,0,3,897.0
2023-02-01 12:00:00,8.9,70,25.6,2,2023,2,1,12,0,0,3,976.0
2023-02-01 13:00:00,9.8,64,31.1,2,2023,2,1,13,0,0,3,974.0
2023-02-01 14:00:00,9.8,66,24.8,2,2023,2,1,14,0,0,3,1004.0
2023-02-01 15:00:00,9.4,69,22.6,2,2023,2,1,15,0,0,3,1046.0
2023-02-01 16:00:00,8.9,72,22.3,2,2023,2,1,16,0,0,3,1279.0
2023-02-01 17:00:00,8.1,76,21.5,2,2023,2,1,17,0,0,3,2391.0
2023-02-01 18:00:00,7.7,77,21.3,2,2023,2,1,18,0,0,3,2312.0
2023-02-01 19:00:00,7.2,81,20.4,2,2023,2,1,19,0,0,3,1116.0
2023-02-01 20:00:00,6.8,84,20.7,2,2023,2,1,20,0,0,3,462.0
2023-02-01 21:00:00,6.5,85,19.9,2,2023,2,1,21,0,0,3,379.0
2023-02-01 22:00:00,6.3,86,19.9,2,2023,2,1,22,0,0,3,280.0
2023-02-01 23:00:00,6.1,88,19.2,2,2023,2,1,23,0,0,3,202.0
2023-02-02 00:00:00,5.8,89,17.9,1,2023,2,2,0,0,0,3,186.0
2023-02-02 01:00:00,5.9,89,17.2,1,2023,2,2,1,0,0,3,136.0
2023-02-02 02:00:00,5.7,90,15.1,2,2023,2,2,2,0,0,3,68.0
2023-02-02 03:00:00,5.4,91,14.8,2,2023,2,2,3,0,0,3,60.0
2023-02-02 04:00:00,5.2,92,13.9,2,2023,2,2,4,0,0,3,45.0
2023-02-02 05:00:00,4.8,93,12.9,2,2023,2,2,5,0,0,3,84.0
2023-02-02 06:00:00,4.6,94,14.6,2,2023,2,2,6,0,0,3,431.0
2023-02-02 07:00:00,4.4,94,13.6,2,2023,2,2,7,0,0,3,1248.0
2023-02-02 08:00:00,4.6,94,13.0,2,2023,2,2,8,0,0,3,2176.0
2023-02-02 09:00:00,6.5,91,16.5,2,2023,2,2,9,0,0,3,1332.0
2023-02-02 10:00:00,9.1,86,22.0,2,2023,2,2,10,0,0,3,580.0
2023-02-02 11:00:00,10.1,82,27.0,2,2023,2,2,11,0,0,3,715.0
2023-02-02 12:00:00,10.6,78,25.4,7,2023,2,2,12,0,0,3,743.0
2023-02-02 13:00:00,11.1,75,22.3,7,2023,2,2,13,0,0,3,828.0
2023-02-02 14:00:00,10.9,78,22.9,2,2023,2,2,14,0,0,3,953.0
2023-02-02 15:00:00,10.9,79,22.7,2,2023,2,2,15,0,0,3,987.0
2023-02-02 16:00:00,10.5,79,21.5,2,2023,2,2,16,0,0,3,1252.0
2023-02-02 17:00:00,9.6,81,20.2,2,2023,2,2,17,0,0,3,2395.0
2023-02-02 18:00:00,9.0,85,21.1,2,2023,2,2,18,0,0,3,2140.0
2023-02-02 19:00:00,8.4,88,22.2,2,2023,2,2,19,0,0,3,1098.0
2023-02-02 20:00:00,8.1,89,23.5,2,2023,2,2,20,0,0,3,613.0
2023-02-02 21:00:00,8.8,84,22.0,2,2023,2,2,21,0,0,3,411.0
2023-02-02 22:00:00,8.3,85,18.7,2,2023,2,2,22,0,0,3,346.0
2023-02-02 23:00:00,7.6,90,19.6,2,2023,2,2,23,0,0,3,260.0
2023-02-03 00:00:00,7.4,91,19.9,2,2023,2,3,0,0,0,3,251.0
2023-02-03 01:00:00,7.8,90,20.7,2,2023,2,3,1,0,0,3,191.0
2023-02-03 02:00:00,8.4,90,22.7,2,2023,2,3,2,0,0,3,128.0
2023-02-03 03:00:00,8.9,88,22.3,2,2023,2,3,3,0,0,3,56.0
2023-02-03 04:00:00,9.4,85,21.7,2,2023,2,3,4,0,0,3,49.0
2023-02-03 05:00:00,8.6,88,20.3,2,2023,2,3,5,0,0,3,85.0
2023-02-03 06:00:00,8.0,92,21.9,2,2023,2,3,6,0,0,3,498.0
2023-02-03 07:00:00,7.9,92,20.3,2,2023,2,3,7,0,0,3,1516.0
2023-02-03 08:00:00,7.9,92,18.2,2,2023,2,3,8,0,0,3,2590.0
2023-02-03 09:00:00,8.8,89,18.3,2,2023,2,3,9,0,0,3,1472.0
2023-02-03 10:00:00,10.3,84,20.2,2,2023,2,3,10,0,0,3,668.0
2023-02-03 11:00:00,11.4,80,21.7,2,2023,2,3,11,0,0,3,790.0
2023-02-03 12:00:00,11.4,78,20.8,2,2023,2,3,12,0,0,3,985.0
2023-02-03 13:00:00,12.2,75,20.5,2,2023,2,3,13,0,0,3,1051.0
2023-02-03 14:00:00,12.3,75,19.5,2,2023,2,3,14,0,0,3,993.0
2023-02-03 15:00:00,12.0,75,16.9,2,2023,2,3,15,0,0,3,1073.0
2023-02-03 16:00:00,11.4,78,13.7,2,2023,2,3,16,0,0,3,1302.0
2023-02-03 17:00:00,10.6,81,13.6,2,2023,2,3,17,0,0,3,2451.0
2023-02-03 18:00:00,10.1,82,13.7,2,2023,2,3,18,0,0,3,2391.0
2023-02-03 19:00:00,9.6,84,13.4,2,2023,2,3,19,0,0,3,1208.0
2023-02-03 20:00:00,9.4,86,11.5,2,2023,2,3,20,0,0,3,534.0
2023-02-03 21:00:00,7.7,93,8.7,2,2023,2,3,21,0,0,3,454.0
2023-02-03 22:00:00,6.3,96,7.2,2,2023,2,3,22,0,0,3,404.0
2023-02-03 23:00:00,4.9,98,9.5,1,2023,2,3,23,0,0,3,300.0
2023-02-04 00:00:00,6.6,94,7.9,1,2023,2,4,0,1,0,3,648.0
2023-02-04 01:00:00,6.3,95,9.0,1,2023,2,4,1,1,0,3,570.0
2023-02-04 02:00:00,6.2,95,9.4,1,2023,2,4,2,1,0,3,313.0
2023-02-04 03:00:00,6.1,96,8.7,2,2023,2,4,3,1,0,3,260.0
2023-02-04 04:00:00,6.0,96,7.8,2,2023,2,4,4,1,0,3,201.0
2023-02-04 05:00:00,6.7,95,7.9,7,2023,2,4,5,1,0,3,134.0
2023-02-04 06:00:00,6.9,95,7.4,7,2023,2,4,6,1,0,3,127.0
2023-02-04 07:00:00,6.8,96,6.1,2,2023,2,4,7,1,0,3,125.0
2023-02-04 08:00:00,6.7,96,6.8,2,2023,2,4,8,1,0,3,349.0
2023-02-04 09:00:00,7.2,93,8.7,7,2023,2,4,9,1,0,3,280.0
2023-02-04 10:00:00,7.9,90,8.6,2,2023,2,4,10,1,0,3,820.0
2023-02-04 11:00:00,8.3,90,8.3,7,2023,2,4,11,1,0,3,630.0
2023-02-04 12:00:00,8.6,85,13.3,7,2023,2,4,12,1,0,3,664.0
2023-02-04 13:00:00,9.1,77,13.0,2,2023,2,4,13,1,0,3,1362.0
2023-02-04 14:00:00,9.4,70,11.3,2,2023,2,4,14,1,0,3,1455.0
2023-02-04 15:00:00,9.2,70,10.1,2,2023,2,4,15,1,0,3,1392.0
2023-02-04 16:00:00,8.9,73,7.7,2,2023,2,4,16,1,0,3,1216.0
2023-02-04 17:00:00,8.1,76,7.9,2,2023,2,4,17,1,0,3,991.0
2023-02-04 18:00:00,8.2,75,7.6,2,2023,2,4,18,1,0,3,878.0
2023-02-04 19:00:00,7.7,78,7.5,2,2023,2,4,19,1,0,3,572.0
2023-02-04 20:00:00,7.6,79,8.6,2,2023,2,4,20,1,0,3,309.0
2023-02-04 21:00:00,7.3,83,9.7,2,2023,2,4,21,1,0,3,289.0
2023-02-04 22:00:00,6.8,89,9.9,2,2023,2,4,22,1,0,3,332.0
2023-02-04 23:00:00,7.3,89,11.6,2,2023,2,4,23,1,0,3,291.0
2023-02-05 00:00:00,7.8,87,11.9,2,2023,2,5,0,1,0,3,651.0
2023-02-05 01:00:00,8.4,84,14.1,2,2023,2,5,1,1,0,3,592.0
2023-02-05 02:00:00,8.5,83,15.4,2,2023,2,5,2,1,0,3,354.0
2023-02-05 03:00:00,7.1,84,15.6,1,2023,2,5,3,1,0,3,264.0
2023-02-05 04:00:00,5.1,90,16.9,1,2023,2,5,4,1,0,3,265.0
2023-02-05 05:00:00,4.4,89,15.7,1,2023,2,5,5,1,0,3,195.0
2023-02-05 06:00:00,3.5,88,13.3,1,2023,2,5,6,1,0,3,136.0
2023-02-05 07:00:00,3.0,85,14.1,2,2023,2,5,7,1,0,3,82.0
2023-02-05 08:00:00,2.8,81,13.4,2,2023,2,5,8,1,0,3,273.0
2023-02-05 09:00:00,3.8,77,12.8,2,2023,2,5,9,1,0,3,548.0
2023-02-05 10:00:00,5.1,71,13.0,2,2023,2,5,10,1,0,3,985.0
2023-02-05 11:00:00,6.2,67,14.2,2,2023,2,5,11,1,0,3,1209.0
2023-02-05 12:00:00,6.9,69,11.1,2,2023,2,5,12,1,0,3,1389.0
2023-02-05 13:00:00,7.5,69,9.6,2,2023,2,5,13,1,0,3,1449.0
2023-02-05 14:00:00,7.8,67,11.1,2,2023,2,5,14,1,0,3,1486.0
2023-02-05 15:00:00,7.7,64,10.9,2,2023,2,5,15,1,0,3,1496.0
2023-02-05 16:00:00,7.3,66,8.8,2,2023,2,5,16,1,0,3,1227.0
2023-02-05 17:00:00,4.3,81,9.0,2,2023,2,5,17,1,0,3,783.0
2023-02-05 18:00:00,2.6,88,9.8,2,2023,2,5,18,1,0,3,646.0
2023-02-05 19:00:00,1.5,90,10.9,2,2023,2,5,19,1,0,3,450.0
2023-02-05 20:00:00,1.1,91,10.2,1,2023,2,5,20,1,0,3,205.0
2023-02-05 21:00:00,0.2,94,10.7,1,2023,2,5,21,1,0,3,217.0
2023-02-05 22:00:00,-0.2,95,9.8,1,2023,2,5,22,1,0,3,127.0
2023-02-05 23:00:00,-0.8,96,10.4,2,2023,2,5,23,1,0,3,191.0
2023-02-06 00:00:00,-0.2,96,9.5,2,2023,2,6,0,0,0,3,178.0
2023-02-06 01:00:00,-0.1,97,7.7,2,2023,2,6,1,0,0,3,53.0
2023-02-06 02:00:00,0.2,98,5.7,1,2023,2,6,2,0,0,3,0.0
2023-02-06 03:00:00,0.3,100,5.3,2,2023,2,6,3,0,0,3,0.0
2023-02-06 04:00:00,0.3,100,3.9,2,2023,2,6,4,0,0,3,0.0
2023-02-06 05:00:00,0.4,100,1.8,2,2023,2,6,5,0,0,3,25.0
2023-02-06 06:00:00,-0.1,100,3.9,2,2023,2,6,6,0,0,3,456.0
2023-02-06 07:00:00,0.2,100,3.3,2,2023,2,6,7,0,0,3,1314.0
2023-02-06 08:00:00,-0.6,100,1.8,2,2023,2,6,8,0,0,3,2481.0
2023-02-06 09:00:00,0.1,97,4.1,2,2023,2,6,9,0,0,3,1283.0
2023-02-06 10:00:00,1.5,97,1.8,2,2023,2,6,10,0,0,3,640.0
2023-02-06 11:00:00,3.6,91,1.8,2,2023,2,6,11,0,0,3,786.0
2023-02-06 12:00:00,6.3,78,1.9,1,2023,2,6,12,0,0,3,950.0
2023-02-06 13:00:00,7.7,71,2.3,1,2023,2,6,13,0,0,3,1076.0
2023-02-06 14:00:00,8.2,64,1.3,1,2023,2,6,14,0,0,3,1145.0
2023-02-06 15:00:00,8.4,62,3.2,1,2023,2,6,15,0,0,3,1233.0
2023-02-06 16:00:00,7.0,78,4.8,1,2023,2,6,16,0,0,3,1265.0
2023-02-06 17:00:00,3.8,77,8.9,1,2023,2,6,17,0,0,3,2303.0
2023-02-06 18:00:00,5.4,66,3.9,1,2023,2,6,18,0,0,3,2387.0
2023-02-06 19:00:00,1.0,87,10.5,1,2023,2,6,19,0,0,3,865.0
2023-02-06 20:00:00,0.2,93,11.8,1,2023,2,6,20,0,0,3,449.0
2023-02-06 21:00:00,0.3,95,10.8,1,2023,2,6,21,0,0,3,334.0
2023-02-06 22:00:00,0.3,96,10.2,1,2023,2,6,22,0,0,3,138.0
2023-02-06 23:00:00,-0.1,97,10.3,1,2023,2,6,23,0,0,3,83.0
2023-02-07 00:00:00,1.9,96,7.2,1,2023,2,7,0,0,0,3,0.0
2023-02-07 01:00:00,1.0,100,1.5,2,2023,2,7,1,0,0,3,68.0
2023-02-07 02:00:00,0.3,100,0.7,2,2023,2,7,2,0,0,3,0.0
2023-02-07 03:00:00,-1.2,99,2.9,2,2023,2,7,3,0,0,3,0.0
2023-02-07 04:00:00,-1.3,99,1.3,2,2023,2,7,4,0,0,3,0.0
2023-02-07 05:00:00,-1.2,99,4.7,2,2023,2,7,5,0,0,3,27.0
2023-02-07 06:00:00,-1.1,98,3.7,2,2023,2,7,6,0,0,3,460.0
2023-02-07 07:00:00,-0.6,91,3.6,2,2023,2,7,7,0,0,3,1334.0
2023-02-07 08:00:00,-0.4,98,3.6,2,2023,2,7,8,0,0,3,2439.0
2023-02-07 09:00:00,-0.1,99,1.8,2,2023,2,7,9,0,0,3,1356.0
2023-02-07 10:00:00,0.4,98,1.6,2,2023,2,7,10,0,0,3,658.0
2023-02-07 11:00:00,1.5,97,2.2,2,2023,2,7,11,0,0,3,608.0
2023-02-07 12:00:00,3.8,86,3.6,2,2023,2,7,12,0,0,3,912.0
2023-02-07 13:00:00,5.1,83,1.4,2,2023,2,7,13,0,0,3,888.0
2023-02-07 14:00:00,5.8,80,2.5,1,2023,2,7,14,0,0,3,842.0
2023-02-07 15:00:00,5.8,78,2.1,1,2023,2,7,15,0,0,3,968.0
2023-02-07 16:00:00,5.4,80,1.5,1,2023,2,7,16,0,0,3,1109.0
2023-02-07 17:00:00,4.7,82,3.8,1,2023,2,7,17,0,0,3,2102.0
2023-02-07 18:00:00,2.6,88,6.6,1,2023,2,7,18,0,0,3,1990.0
2023-02-07 19:00:00,1.2,92,8.2,1,2023,2,7,19,0,0,3,747.0
2023-02-07 20:00:00,-0.6,97,10.6,1,2023,2,7,20,0,0,3,491.0
2023-02-07 21:00:00,-1.1,99,10.5,1,2023,2,7,21,0,0,3,406.0
2023-02-07 22:00:00,-1.2,99,9.8,1,2023,2,7,22,0,0,3,265.0
2023-02-07 23:00:00,-0.9,100,7.6,2,2023,2,7,23,0,0,3,219.0
2023-02-08 00:00:00,0.1,98,5.8,2,2023,2,8,0,0,0,3,183.0
2023-02-08 01:00:00,-0.5,100,0.8,2,2023,2,8,1,0,0,3,123.0
2023-02-08 02:00:00,-1.1,100,0.7,2,2023,2,8,2,0,0,3,49.0
2023-02-08 03:00:00,-2.5,99,2.3,2,2023,2,8,3,0,0,3,40.0
2023-02-08 04:00:00,-2.7,99,2.4,2,2023,2,8,4,0,0,3,37.0
2023-02-08 05:00:00,-3.0,97,3.3,2,2023,2,8,5,0,0,3,57.0
2023-02-08 06:00:00,-3.0,98,3.2,2,2023,2,8,6,0,0,3,534.0
2023-02-08 07:00:00,-2.5,99,2.7,2,2023,2,8,7,0,0,3,1510.0
2023-02-08 08:00:00,-2.2,99,3.1,2,2023,2,8,8,0,0,3,2658.0
2023-02-08 09:00:00,-1.2,98,2.7,2,2023,2,8,9,0,0,3,1552.0
2023-02-08 10:00:00,0.2,95,1.8,2,2023,2,8,10,0,0,3,723.0
2023-02-08 11:00:00,2.2,91,0.7,2,2023,2,8,11,0,0,3,792.0
2023-02-08 12:00:00,3.3,75,0.7,1,2023,2,8,12,0,0,3,1072.0
2023-02-08 13:00:00,5.5,73,3.3,1,2023,2,8,13,0,0,3,1051.0
2023-02-08 14:00:00,7.0,64,7.9,1,2023,2,8,14,0,0,3,1076.0
2023-02-08 15:00:00,7.2,58,12.0,1,2023,2,8,15,0,0,3,1141.0
2023-02-08 16:00:00,6.0,69,8.1,1,2023,2,8,16,0,0,3,1259.0
2023-02-08 17:00:00,2.2,86,10.0,1,2023,2,8,17,0,0,3,1991.0
2023-02-08 18:00:00,0.9,90,9.2,1,2023,2,8,18,0,0,3,1692.0
2023-02-08 19:00:00,0.1,92,8.7,1,2023,2,8,19,0,0,3,779.0
2023-02-08 20:00:00,-0.9,94,9.9,1,2023,2,8,20,0,0,3,422.0
2023-02-08 21:00:00,-1.4,95,9.7,1,2023,2,8,21,0,0,3,359.0
2023-02-08 22:00:00,-1.5,95,8.9,2,2023,2,8,22,0,0,3,362.0
2023-02-08 23:00:00,-1.5,94,9.4,2,2023,2,8,23,0,0,3,245.0
2023-02-09 00:00:00,-1.0,95,8.4,2,2023,2,9,0,0,0,3,167.0
2023-02-09 01:00:00,-0.6,95,8.5,2,2023,2,9,1,0,0,3,117.0
2023-02-09 02:00:00,-1.0,95,8.5,2,2023,2,9,2,0,0,3,41.0
2023-02-09 03:00:00,-0.9,95,8.0,2,2023,2,9,3,0,0,3,37.0
2023-02-09 04:00:00,-0.7,95,7.9,2,2023,2,9,4,0,0,3,34.0
2023-02-09 05:00:00,-0.5,95,8.0,2,2023,2,9,5,0,0,3,70.0
2023-02-09 06:00:00,-0.2,95,7.6,2,2023,2,9,6,0,0,3,406.0
2023-02-09 07:00:00,0.6,95,7.0,2,2023,2,9,7,0,0,3,1406.0
2023-02-09 08:00:00,1.3,95,6.8,2,2023,2,9,8,0,0,3,2690.0
2023-02-09 09:00:00,2.2,92,9.6,2,2023,2,9,9,0,0,3,1631.0
2023-02-09 10:00:00,3.5,91,8.4,1,2023,2,9,10,0,0,3,799.0
2023-02-09 11:00:00,6.1,84,6.1,1,2023,2,9,11,0,0,3,796.0
2023-02-09 12:00:00,7.8,80,5.7,2,2023,2,9,12,0,0,3,1055.0
2023-02-09 13:00:00,8.9,66,7.1,2,2023,2,9,13,0,0,3,1213.0
2023-02-09 14:00:00,9.2,53,8.4,2,2023,2,9,14,0,0,3,1165.0
2023-02-09 15:00:00,8.9,50,7.4,2,2023,2,9,15,0,0,3,1237.0
2023-02-09 16:00:00,7.2,74,6.0,2,2023,2,9,16,0,0,3,1436.0
2023-02-09 17:00:00,3.2,78,10.8,2,2023,2,9,17,0,0,3,2493.0
2023-02-09 18:00:00,1.6,85,11.3,2,2023,2,9,18,0,0,3,2198.0
2023-02-09 19:00:00,0.5,87,11.5,2,2023,2,9,19,0,0,3,1055.0
2023-02-09 20:00:00,-0.4,88,11.7,2,2023,2,9,20,0,0,3,604.0
2023-02-09 21:00:00,-0.8,87,11.5,2,2023,2,9,21,0,0,3,475.0
2023-02-09 22:00:00,1.2,82,6.5,2,2023,2,9,22,0,0,3,324.0
2023-02-09 23:00:00,-1.4,90,6.6,2,2023,2,9,23,0,0,3,280.0
2023-02-10 00:00:00,-2.0,96,9.5,2,2023,2,10,0,0,0,3,235.0
2023-02-10 01:00:00,-2.3,98,9.3,1,2023,2,10,1,0,0,3,50.0
2023-02-10 02:00:00,-2.5,98,9.5,1,2023,2,10,2,0,0,3,45.0
2023-02-10 03:00:00,-2.6,97,8.9,2,2023,2,10,3,0,0,3,22.0
2023-02-10 04:00:00,-2.8,97,8.7,2,2023,2,10,4,0,0,3,19.0
2023-02-10 05:00:00,-2.4,97,6.7,2,2023,2,10,5,0,0,3,66.0
2023-02-10 06:00:00,-2.5,96,8.2,2,2023,2,10,6,0,0,3,428.0
2023-02-10 07:00:00,-2.8,96,8.1,2,2023,2,10,7,0,0,3,1508.0
2023-02-10 08:00:00,-1.8,95,6.1,2,2023,2,10,8,0,0,3,2750.0
2023-02-10 09:00:00,0.7,89,10.0,2,2023,2,10,9,0,0,3,1556.0
2023-02-10 10:00:00,3.0,83,9.8,2,2023,2,10,10,0,0,3,882.0
2023-02-10 11:00:00,4.8,79,12.0,2,2023,2,10,11,0,0,3,819.0
2023-02-10 12:00:00,6.3,73,13.9,2,2023,2,10,12,0,0,3,1081.0
2023-02-10 13:00:00,7.4,69,15.8,2,2023,2,10,13,0,0,3,1077.0
2023-02-10 14:00:00,7.8,68,16.9,2,2023,2,10,14,0,0,3,1038.0
2023-02-10 15:00:00,7.7,71,16.1,2,2023,2,10,15,0,0,3,1093.0
2023-02-10 16:00:00,6.9,77,13.4,2,2023,2,10,16,0,0,3,1294.0
2023-02-10 17:00:00,5.4,86,12.0,2,2023,2,10,17,0,0,3,2152.0
2023-02-10 18:00:00,4.9,89,14.2,2,2023,2,10,18,0,0,3,2121.0
2023-02-10 19:00:00,5.2,90,14.2,2,2023,2,10,19,0,0,3,1185.0
2023-02-10 20:00:00,5.7,90,14.0,2,2023,2,10,20,0,0,3,664.0
2023-02-10 21:00:00,5.4,92,12.8,2,2023,2,10,21,0,0,3,492.0
2023-02-10 22:00:00,5.4,93,12.4,2,2023,2,10,22,0,0,3,404.0
2023-02-10 23:00:00,6.1,94,11.8,2,2023,2,10,23,0,0,3,338.0
2023-02-11 00:00:00,6.9,93,9.7,2,2023,2,11,0,1,0,3,690.0
2023-02-11 01:00:00,7.2,95,9.6,2,2023,2,11,1,1,0,3,660.0
2023-02-11 02:00:00,7.0,96,8.2,2,2023,2,11,2,1,0,3,390.0
2023-02-11 03:00:00,6.8,96,8.9,2,2023,2,11,3,1,0,3,295.0
2023-02-11 04:00:00,6.7,96,9.2,2,2023,2,11,4,1,0,3,235.0
2023-02-11 05:00:00,6.7,96,9.7,2,2023,2,11,5,1,0,3,191.0
2023-02-11 06:00:00,6.5,96,9.6,2,2023,2,11,6,1,0,3,178.0
2023-02-11 07:00:00,6.3,96,9.9,2,2023,2,11,7,1,0,3,159.0
2023-02-11 08:00:00,6.4,95,9.8,2,2023,2,11,8,1,0,3,316.0
2023-02-11 09:00:00,7.1,93,8.9,2,2023,2,11,9,1,0,3,546.0
2023-02-11 10:00:00,8.5,86,12.7,2,2023,2,11,10,1,0,3,869.0
2023-02-11 11:00:00,9.7,80,11.3,2,2023,2,11,11,1,0,3,1243.0
2023-02-11 12:00:00,10.2,75,9.7,2,2023,2,11,12,1,0,3,1480.0
2023-02-11 13:00:00,10.6,71,8.3,2,2023,2,11,13,1,0,3,1612.0
2023-02-11 14:00:00,10.6,70,6.8,2,2023,2,11,14,1,0,3,1704.0
2023-02-11 15:00:00,10.4,69,5.5,2,2023,2,11,15,1,0,3,1691.0
2023-02-11 16:00:00,10.2,73,3.0,2,2023,2,11,16,1,0,3,1420.0
2023-02-11 17:00:00,8.6,83,5.4,2,2023,2,11,17,1,0,3,999.0
2023-02-11 18:00:00,8.0,85,5.1,2,2023,2,11,18,1,0,3,809.0
2023-02-11 19:00:00,7.9,84,5.9,2,2023,2,11,19,1,0,3,553.0
2023-02-11 20:00:00,7.4,86,5.4,2,2023,2,11,20,1,0,3,342.0
2023-02-11 21:00:00,7.0,88,6.0,2,2023,2,11,21,1,0,3,347.0
2023-02-11 22:00:00,6.7,91,6.5,2,2023,2,11,22,1,0,3,312.0
2023-02-11 23:00:00,7.1,88,4.3,2,2023,2,11,23,1,0,3,278.0
2023-02-12 00:00:00,6.8,85,1.8,2,2023,2,12,0,1,0,3,639.0
2023-02-12 01:00:00,6.4,88,3.8,2,2023,2,12,1,1,0,3,568.0
2023-02-12 02:00:00,6.1,91,6.7,2,2023,2,12,2,1,0,3,344.0
2023-02-12 03:00:00,6.2,88,7.7,2,2023,2,12,3,1,0,3,242.0
2023-02-12 04:00:00,5.8,87,8.9,2,2023,2,12,4,1,0,3,185.0
2023-02-12 05:00:00,5.6,89,8.2,2,2023,2,12,5,1,0,3,142.0
2023-02-12 06:00:00,5.8,88,6.5,2,2023,2,12,6,1,0,3,115.0
2023-02-12 07:00:00,5.9,89,4.5,2,2023,2,12,7,1,0,3,107.0
2023-02-12 08:00:00,6.2,91,4.6,2,2023,2,12,8,1,0,3,274.0
2023-02-12 09:00:00,7.1,88,5.8,2,2023,2,12,9,1,0,3,527.0
2023-02-12 10:00:00,8.1,82,6.1,2,2023,2,12,10,1,0,3,989.0
2023-02-12 11:00:00,8.9,70,10.3,2,2023,2,12,11,1,0,3,1354.0
2023-02-12 12:00:00,8.8,73,12.0,2,2023,2,12,12,1,0,3,1494.0
2023-02-12 13:00:00,9.1,70,9.8,2,2023,2,12,13,1,0,3,1575.0
2023-02-12 14:00:00,9.1,70,8.2,2,2023,2,12,14,1,0,3,1640.0
2023-02-12 15:00:00,9.2,70,8.6,2,2023,2,12,15,1,0,3,1544.0
2023-02-12 16:00:00,9.0,72,8.1,2,2023,2,12,16,1,0,3,1346.0
2023-02-12 17:00:00,8.2,78,5.7,2,2023,2,12,17,1,0,3,1080.0
2023-02-12 18:00:00,7.8,81,6.6,2,2023,2,12,18,1,0,3,875.0
2023-02-12 19:00:00,7.5,84,6.4,2,2023,2,12,19,1,0,3,583.0
2023-02-12 20:00:00,6.8,88,5.6,2,2023,2,12,20,1,0,3,346.0
2023-02-12 21:00:00,6.3,91,5.5,2,2023,2,12,21,1,0,3,284.0
2023-02-12 22:00:00,6.3,89,7.6,2,2023,2,12,22,1,0,3,298.0
2023-02-12 23:00:00,6.2,90,8.4,2,2023,2,12,23,1,0,3,274.0
2023-02-13 00:00:00,5.8,90,8.4,2,2023,2,13,0,0,0,3,248.0
2023-02-13 01:00:00,5.9,86,8.2,2,2023,2,13,1,0,0,3,176.0
2023-02-13 02:00:00,5.7,85,6.6,2,2023,2,13,2,0,0,3,86.0
2023-02-13 03:00:00,4.8,88,5.2,1,2023,2,13,3,0,0,3,50.0
2023-02-13 04:00:00,4.0,92,5.0,1,2023,2,13,4,0,0,3,42.0
2023-02-13 05:00:00,2.8,94,6.3,1,2023,2,13,5,0,0,3,89.0
2023-02-13 06:00:00,2.5,95,5.9,2,2023,2,13,6,0,0,3,484.0
2023-02-13 07:00:00,2.0,96,6.2,1,2023,2,13,7,0,0,3,1458.0
2023-02-13 08:00:00,2.2,96,6.7,1,2023,2,13,8,0,0,3,2679.0
2023-02-13 09:00:00,4.2,90,7.6,1,2023,2,13,9,0,0,3,1494.0
2023-02-13 10:00:00,6.5,86,6.2,1,2023,2,13,10,0,0,3,828.0
2023-02-13 11:00:00,8.4,82,7.9,1,2023,2,13,11,0,0,3,811.0
2023-02-13 12:00:00,10.1,70,9.0,1,2023,2,13,12,0,0,3,1090.0
2023-02-13 13:00:00,10.9,68,8.4,1,2023,2,13,13,0,0,3,1137.0
2023-02-13 14:00:00,11.3,68,7.6,1,2023,2,13,14,0,0,3,1085.0
2023-02-13 15:00:00,11.4,69,8.5,1,2023,2,13,15,0,0,3,1181.0
2023-02-13 16:00:00,10.7,75,7.4,1,2023,2,13,16,0,0,3,1411.0
2023-02-13 17:00:00,7.2,89,9.4,1,2023,2,13,17,0,0,3,2121.0
2023-02-13 18:00:00,5.4,93,9.4,1,2023,2,13,18,0,0,3,1809.0
2023-02-13 19:00:00,3.8,96,10.5,1,2023,2,13,19,0,0,3,949.0
2023-02-13 20:00:00,2.6,97,11.9,1,2023,2,13,20,0,0,3,501.0
2023-02-13 21:00:00,1.9,96,12.6,1,2023,2,13,21,0,0,3,389.0
2023-02-13 22:00:00,2.0,94,12.3,1,2023,2,13,22,0,0,3,311.0
2023-02-13 23:00:00,2.3,92,11.9,1,2023,2,13,23,0,0,3,207.0
2023-02-14 00:00:00,2.3,91,12.0,1,2023,2,14,0,0,0,3,158.0
2023-02-14 01:00:00,2.5,92,11.7,1,2023,2,14,1,0,0,3,119.0
2023-02-14 02:00:00,1.6,95,13.0,1,2023,2,14,2,0,0,3,59.0
2023-02-14 03:00:00,1.1,96,13.7,1,2023,2,14,3,0,0,3,46.0
2023-02-14 04:00:00,0.9,97,13.3,1,2023,2,14,4,0,0,3,95.0
2023-02-14 05:00:00,1.0,97,11.8,1,2023,2,14,5,0,0,3,115.0
2023-02-14 06:00:00,1.1,97,11.1,1,2023,2,14,6,0,0,3,474.0
2023-02-14 07:00:00,1.1,97,10.7,1,2023,2,14,7,0,0,3,1351.0
2023-02-14 08:00:00,1.3,97,11.3,1,2023,2,14,8,0,0,3,2541.0
2023-02-14 09:00:00,5.3,90,7.6,1,2023,2,14,9,0,0,3,1493.0
2023-02-14 10:00:00,7.9,86,4.7,1,2023,2,14,10,0,0,3,810.0
2023-02-14 11:00:00,10.0,81,5.8,1,2023,2,14,11,0,0,3,794.0
2023-02-14 12:00:00,10.9,79,5.1,1,2023,2,14,12,0,0,3,988.0
2023-02-14 13:00:00,12.2,73,6.2,1,2023,2,14,13,0,0,3,1124.0
2023-02-14 14:00:00,12.8,68,7.1,1,2023,2,14,14,0,0,3,1102.0
2023-02-14 15:00:00,12.8,67,6.8,1,2023,2,14,15,0,0,3,1198.0
2023-02-14 16:00:00,11.7,76,4.2,1,2023,2,14,16,0,0,3,1386.0
2023-02-14 17:00:00,7.3,88,11.6,1,2023,2,14,17,0,0,3,2119.0
2023-02-14 18:00:00,5.2,93,12.1,1,2023,2,14,18,0,0,3,1859.0
2023-02-14 19:00:00,3.8,96,12.7,1,2023,2,14,19,0,0,3,970.0
2023-02-14 20:00:00,2.8,95,13.0,2,2023,2,14,20,0,0,3,545.0
2023-02-14 21:00:00,2.2,87,13.8,2,2023,2,14,21,0,0,3,475.0
2023-02-14 22:00:00,2.1,81,13.6,2,2023,2,14,22,0,0,3,399.0
2023-02-14 23:00:00,2.5,79,12.2,2,2023,2,14,23,0,0,3,309.0
2023-02-15 00:00:00,2.2,87,11.7,2,2023,2,15,0,0,0,3,209.0
2023-02-15 01:00:00,2.0,91,11.7,2,2023,2,15,1,0,0,3,160.0
2023-02-15 02:00:00,2.3,93,12.4,2,2023,2,15,2,0,0,3,83.0
2023-02-15 03:00:00,1.2,94,14.0,2,2023,2,15,3,0,0,3,97.0
2023-02-15 04:00:00,1.1,94,14.2,2,2023,2,15,4,0,0,3,94.0
2023-02-15 05:00:00,1.8,94,13.1,2,2023,2,15,5,0,0,3,130.0
2023-02-15 06:00:00,2.0,94,12.7,2,2023,2,15,6,0,0,3,498.0
2023-02-15 07:00:00,1.8,94,12.4,2,2023,2,15,7,0,0,3,1470.0
2023-02-15 08:00:00,3.8,91,9.2,2,2023,2,15,8,0,0,3,2701.0
2023-02-15 09:00:00,6.5,84,13.5,2,2023,2,15,9,0,0,3,1600.0
2023-02-15 10:00:00,8.6,80,13.0,2,2023,2,15,10,0,0,3,856.0
2023-02-15 11:00:00,10.2,76,15.8,2,2023,2,15,11,0,0,3,896.0
2023-02-15 12:00:00,11.2,72,15.5,1,2023,2,15,12,0,0,3,1056.0
2023-02-15 13:00:00,12.5,68,18.1,1,2023,2,15,13,0,0,3,1133.0
2023-02-15 14:00:00,12.9,66,19.3,1,2023,2,15,14,0,0,3,1085.0
2023-02-15 15:00:00,12.6,66,18.7,1,2023,2,15,15,0,0,3,1182.0
2023-02-15 16:00:00,11.4,68,18.4,1,2023,2,15,16,0,0,3,1414.0
2023-02-15 17:00:00,9.6,72,16.1,1,2023,2,15,17,0,0,3,2633.0
2023-02-15 18:00:00,8.3,78,15.2,1,2023,2,15,18,0,0,3,2344.0
2023-02-15 19:00:00,7.9,81,16.5,2,2023,2,15,19,0,0,3,1222.0
2023-02-15 20:00:00,7.4,86,13.9,1,2023,2,15,20,0,0,3,551.0
2023-02-15 21:00:00,7.2,90,12.9,2,2023,2,15,21,0,0,3,507.0
2023-02-15 22:00:00,7.9,91,13.0,2,2023,2,15,22,0,0,3,419.0
2023-02-15 23:00:00,8.4,94,12.8,2,2023,2,15,23,0,0,3,307.0
2023-02-16 00:00:00,8.9,96,12.0,2,2023,2,16,0,0,0,3,238.0
2023-02-16 01:00:00,8.9,96,13.7,2,2023,2,16,1,0,0,3,201.0
2023-02-16 02:00:00,8.2,95,11.5,2,2023,2,16,2,0,0,3,77.0
2023-02-16 03:00:00,7.7,94,9.0,2,2023,2,16,3,0,0,3,101.0
2023-02-16 04:00:00,7.8,90,13.9,7,2023,2,16,4,0,0,3,18.0
2023-02-16 05:00:00,7.3,91,11.9,7,2023,2,16,5,0,0,3,44.0
2023-02-16 06:00:00,7.8,88,17.0,2,2023,2,16,6,0,0,3,514.0
2023-02-16 07:00:00,8.1,86,19.1,2,2023,2,16,7,0,0,3,1640.0
2023-02-16 08:00:00,8.4,89,19.8,7,2023,2,16,8,0,0,3,2084.0
2023-02-16 09:00:00,8.9,90,21.1,7,2023,2,16,9,0,0,3,1178.0
2023-02-16 10:00:00,9.4,90,20.9,7,2023,2,16,10,0,0,3,491.0
2023-02-16 11:00:00,9.9,91,20.8,2,2023,2,16,11,0,0,3,779.0
2023-02-16 12:00:00,10.2,92,21.1,2,2023,2,16,12,0,0,3,880.0
2023-02-16 13:00:00,11.1,91,24.3,2,2023,2,16,13,0,0,3,875.0
2023-02-16 14:00:00,11.4,91,20.6,2,2023,2,16,14,0,0,3,803.0
2023-02-16 15:00:00,11.9,91,21.3,2,2023,2,16,15,0,0,3,842.0
2023-02-16 16:00:00,12.1,88,16.6,2,2023,2,16,16,0,0,3,1091.0
2023-02-16 17:00:00,11.9,88,16.3,2,2023,2,16,17,0,0,3,2313.0
2023-02-16 18:00:00,11.4,88,15.4,2,2023,2,16,18,0,0,3,2173.0
2023-02-16 19:00:00,10.9,88,17.8,2,2023,2,16,19,0,0,3,1244.0
2023-02-16 20:00:00,10.5,88,18.6,2,2023,2,16,20,0,0,3,718.0
2023-02-16 21:00:00,9.6,91,19.5,2,2023,2,16,21,0,0,3,519.0
2023-02-16 22:00:00,9.4,93,20.6,2,2023,2,16,22,0,0,3,419.0
2023-02-16 23:00:00,10.2,91,21.6,2,2023,2,16,23,0,0,3,306.0
2023-02-17 00:00:00,10.9,92,22.7,2,2023,2,17,0,0,0,3,263.0
2023-02-17 01:00:00,11.1,92,23.1,2,2023,2,17,1,0,0,3,212.0
2023-02-17 02:00:00,11.2,93,23.5,2,2023,2,17,2,0,0,3,118.0
2023-02-17 03:00:00,11.2,93,24.5,2,2023,2,17,3,0,0,3,106.0
2023-02-17 04:00:00,11.1,91,26.2,2,2023,2,17,4,0,0,3,130.0
2023-02-17 05:00:00,10.7,89,26.7,2,2023,2,17,5,0,0,3,172.0
2023-02-17 06:00:00,10.0,89,25.6,2,2023,2,17,6,0,0,3,557.0
2023-02-17 07:00:00,9.4,89,27.3,2,2023,2,17,7,0,0,3,1660.0
2023-02-17 08:00:00,9.6,88,28.3,2,2023,2,17,8,0,0,3,2762.0
2023-02-17 09:00:00,10.6,84,29.6,2,2023,2,17,9,0,0,3,1659.0
2023-02-17 10:00:00,12.0,81,29.0,2,2023,2,17,10,0,0,3,833.0
2023-02-17 11:00:00,12.9,80,28.2,2,2023,2,17,11,0,0,3,814.0
2023-02-17 12:00:00,13.1,78,36.2,2,2023,2,17,12,0,0,3,910.0
2023-02-17 13:00:00,13.2,79,31.1,2,2023,2,17,13,0,0,3,942.0
2023-02-17 14:00:00,13.4,78,29.0,7,2023,2,17,14,0,0,3,574.0
2023-02-17 15:00:00,13.6,80,22.5,2,2023,2,17,15,0,0,3,1096.0
2023-02-17 16:00:00,13.1,83,23.0,2,2023,2,17,16,0,0,3,1260.0
2023-02-17 17:00:00,12.2,87,19.9,2,2023,2,17,17,0,0,3,2373.0
2023-02-17 18:00:00,12.1,88,20.2,2,2023,2,17,18,0,0,3,2263.0
2023-02-17 19:00:00,11.8,89,19.6,2,2023,2,17,19,0,0,3,1309.0
2023-02-17 20:00:00,11.8,89,17.5,2,2023,2,17,20,0,0,3,739.0
2023-02-17 21:00:00,11.9,90,15.7,2,2023,2,17,21,0,0,3,587.0
2023-02-17 22:00:00,11.8,91,18.1,2,2023,2,17,22,0,0,3,480.0
2023-02-17 23:00:00,11.6,90,21.2,2,2023,2,17,23,0,0,3,360.0
2023-02-18 00:00:00,11.2,91,21.2,2,2023,2,18,0,1,0,3,595.0
2023-02-18 01:00:00,11.4,89,22.3,2,2023,2,18,1,1,0,3,520.0
2023-02-18 02:00:00,11.2,87,24.5,2,2023,2,18,2,1,0,3,342.0
2023-02-18 03:00:00,10.6,84,27.3,2,2023,2,18,3,1,0,3,296.0
2023-02-18 04:00:00,10.0,85,27.1,2,2023,2,18,4,1,0,3,247.0
2023-02-18 05:00:00,9.8,85,25.5,2,2023,2,18,5,1,0,3,185.0
2023-02-18 06:00:00,9.9,82,26.4,2,2023,2,18,6,1,0,3,163.0
2023-02-18 07:00:00,9.6,84,25.8,2,2023,2,18,7,1,0,3,171.0
2023-02-18 08:00:00,10.4,83,26.7,2,2023,2,18,8,1,0,3,280.0
2023-02-18 09:00:00,11.2,81,25.7,2,2023,2,18,9,1,0,3,607.0
2023-02-18 10:00:00,12.1,80,20.7,2,2023,2,18,10,1,0,3,1050.0
2023-02-18 11:00:00,12.8,79,27.1,2,2023,2,18,11,1,0,3,1180.0
2023-02-18 12:00:00,12.7,80,26.2,2,2023,2,18,12,1,0,3,1455.0
2023-02-18 13:00:00,12.7,81,24.1,2,2023,2,18,13,1,0,3,1436.0
2023-02-18 14:00:00,12.7,82,24.5,7,2023,2,18,14,1,0,3,866.0
2023-02-18 15:00:00,12.5,85,22.3,7,2023,2,18,15,1,0,3,932.0
2023-02-18 16:00:00,12.1,87,21.3,7,2023,2,18,16,1,0,3,623.0
2023-02-18 17:00:00,11.8,89,23.1,2,2023,2,18,17,1,0,3,1048.0
2023-02-18 18:00:00,11.1,85,25.1,2,2023,2,18,18,1,0,3,820.0
2023-02-18 19:00:00,10.4,86,23.1,2,2023,2,18,19,1,0,3,572.0
2023-02-18 20:00:00,9.6,85,22.7,2,2023,2,18,20,1,0,3,385.0
2023-02-18 21:00:00,9.1,89,19.6,1,2023,2,18,21,1,0,3,318.0
2023-02-18 22:00:00,8.6,92,18.4,1,2023,2,18,22,1,0,3,275.0
2023-02-18 23:00:00,8.2,92,17.2,1,2023,2,18,23,1,0,3,252.0
2023-02-19 00:00:00,8.1,92,17.7,2,2023,2,19,0,1,0,3,648.0
2023-02-19 01:00:00,8.0,92,16.6,2,2023,2,19,1,1,0,3,610.0
2023-02-19 02:00:00,7.8,91,16.9,1,2023,2,19,2,1,0,3,372.0
2023-02-19 03:00:00,7.4,90,16.9,1,2023,2,19,3,1,0,3,303.0
2023-02-19 04:00:00,7.2,88,16.7,2,2023,2,19,4,1,0,3,226.0
2023-02-19 05:00:00,7.0,87,16.0,2,2023,2,19,5,1,0,3,161.0
2023-02-19 06:00:00,7.2,86,16.2,2,2023,2,19,6,1,0,3,131.0
2023-02-19 07:00:00,7.2,85,15.3,2,2023,2,19,7,1,0,3,84.0
2023-02-19 08:00:00,7.3,84,13.4,2,2023,2,19,8,1,0,3,232.0
2023-02-19 09:00:00,8.3,79,15.7,2,2023,2,19,9,1,0,3,584.0
2023-02-19 10:00:00,9.1,72,18.4,2,2023,2,19,10,1,0,3,1118.0
2023-02-19 11:00:00,9.9,66,16.5,2,2023,2,19,11,1,0,3,1377.0
2023-02-19 12:00:00,11.1,61,12.7,2,2023,2,19,12,1,0,3,1738.0
2023-02-19 13:00:00,11.8,61,12.2,1,2023,2,19,13,1,0,3,1866.0
2023-02-19 14:00:00,12.1,60,12.8,2,2023,2,19,14,1,0,3,1870.0
2023-02-19 15:00:00,12.1,61,13.2,2,2023,2,19,15,1,0,3,1832.0
2023-02-19 16:00:00,11.9,63,11.1,1,2023,2,19,16,1,0,3,1582.0
2023-02-19 17:00:00,9.8,74,8.4,2,2023,2,19,17,1,0,3,1175.0
2023-02-19 18:00:00,8.4,81,11.2,2,2023,2,19,18,1,0,3,939.0
2023-02-19 19:00:00,7.9,85,12.9,1,2023,2,19,19,1,0,3,555.0
2023-02-19 20:00:00,7.2,90,12.9,1,2023,2,19,20,1,0,3,396.0
2023-02-19 21:00:00,6.7,91,16.9,1,2023,2,19,21,1,0,3,300.0
2023-02-19 22:00:00,6.2,91,18.5,1,2023,2,19,22,1,0,3,280.0
2023-02-19 23:00:00,6.2,92,17.9,1,2023,2,19,23,1,0,3,258.0
2023-02-20 00:00:00,6.4,93,18.2,2,2023,2,20,0,0,0,3,283.0
2023-02-20 01:00:00,6.8,90,19.7,2,2023,2,20,1,0,0,3,222.0
2023-02-20 02:00:00,6.9,90,20.5,2,2023,2,20,2,0,0,3,132.0
2023-02-20 03:00:00,7.3,89,21.9,2,2023,2,20,3,0,0,3,128.0
2023-02-20 04:00:00,7.5,88,22.4,2,2023,2,20,4,0,0,3,98.0
2023-02-20 05:00:00,7.6,89,22.1,2,2023,2,20,5,0,0,3,156.0
2023-02-20 06:00:00,7.8,89,20.8,2,2023,2,20,6,0,0,3,533.0
2023-02-20 07:00:00,8.0,88,20.4,2,2023,2,20,7,0,0,3,1636.0
2023-02-20 08:00:00,8.4,87,21.3,2,2023,2,20,8,0,0,3,2698.0
2023-02-20 09:00:00,9.6,83,21.9,2,2023,2,20,9,0,0,3,1766.0
2023-02-20 10:00:00,10.4,82,20.8,2,2023,2,20,10,0,0,3,812.0
2023-02-20 11:00:00,11.2,79,27.2,2,2023,2,20,11,0,0,3,793.0
2023-02-20 12:00:00,10.9,78,27.6,2,2023,2,20,12,0,0,3,933.0
2023-02-20 13:00:00,11.8,75,27.2,2,2023,2,20,13,0,0,3,985.0
2023-02-20 14:00:00,12.2,74,26.0,2,2023,2,20,14,0,0,3,939.0
2023-02-20 15:00:00,12.4,74,22.8,2,2023,2,20,15,0,0,3,1058.0
2023-02-20 16:00:00,12.3,74,18.4,1,2023,2,20,16,0,0,3,1388.0
2023-02-20 17:00:00,10.9,80,13.7,1,2023,2,20,17,0,0,3,2435.0
2023-02-20 18:00:00,9.3,88,12.2,1,2023,2,20,18,0,0,3,2045.0
2023-02-20 19:00:00,8.6,90,12.3,2,2023,2,20,19,0,0,3,1159.0
2023-02-20 20:00:00,8.8,91,11.6,2,2023,2,20,20,0,0,3,601.0
2023-02-20 21:00:00,9.1,89,10.8,2,2023,2,20,21,0,0,3,479.0
2023-02-20 22:00:00,9.3,90,9.7,2,2023,2,20,22,0,0,3,455.0
2023-02-20 23:00:00,9.2,90,10.0,2,2023,2,20,23,0,0,3,359.0
2023-02-21 00:00:00,8.3,93,13.2,2,2023,2,21,0,0,0,3,215.0
2023-02-21 01:00:00,8.4,93,12.7,2,2023,2,21,1,0,0,3,164.0
2023-02-21 02:00:00,8.4,94,12.4,2,2023,2,21,2,0,0,3,67.0
2023-02-21 03:00:00,8.2,94,11.3,2,2023,2,21,3,0,0,3,66.0
2023-02-21 04:00:00,8.1,95,10.3,2,2023,2,21,4,0,0,3,82.0
2023-02-21 05:00:00,7.6,97,7.3,2,2023,2,21,5,0,0,3,130.0
2023-02-21 06:00:00,7.3,97,6.7,2,2023,2,21,6,0,0,3,562.0
2023-02-21 07:00:00,7.2,97,6.0,2,2023,2,21,7,0,0,3,1724.0
2023-02-21 08:00:00,7.8,94,7.9,2,2023,2,21,8,0,0,3,2883.0
2023-02-21 09:00:00,8.6,88,8.4,2,2023,2,21,9,0,0,3,1686.0
2023-02-21 10:00:00,9.1,83,9.6,2,2023,2,21,10,0,0,3,890.0
2023-02-21 11:00:00,9.6,79,9.4,2,2023,2,21,11,0,0,3,882.0
2023-02-21 12:00:00,8.9,86,9.7,2,2023,2,21,12,0,0,3,958.0
2023-02-21 13:00:00,9.9,83,11.3,2,2023,2,21,13,0,0,3,998.0
2023-02-21 14:00:00,10.6,80,11.0,2,2023,2,21,14,0,0,3,988.0
2023-02-21 15:00:00,10.9,76,10.5,2,2023,2,21,15,0,0,3,1112.0
2023-02-21 16:00:00,10.7,75,10.0,2,2023,2,21,16,0,0,3,1376.0
2023-02-21 17:00:00,8.8,85,5.3,2,2023,2,21,17,0,0,3,2323.0
2023-02-21 18:00:00,7.1,91,7.1,2,2023,2,21,18,0,0,3,2056.0
2023-02-21 19:00:00,6.7,93,8.0,2,2023,2,21,19,0,0,3,1132.0
2023-02-21 20:00:00,5.6,95,6.8,2,2023,2,21,20,0,0,3,530.0
2023-02-21 21:00:00,5.0,96,6.2,2,2023,2,21,21,0,0,3,482.0
2023-02-21 22:00:00,4.5,97,6.3,2,2023,2,21,22,0,0,3,399.0
2023-02-21 23:00:00,5.1,95,5.2,7,2023,2,21,23,0,0,3,175.0
2023-02-22 00:00:00,4.0,96,6.9,2,2023,2,22,0,0,0,3,239.0
2023-02-22 01:00:00,4.6,96,4.7,7,2023,2,22,1,0,0,3,116.0
2023-02-22 02:00:00,4.5,96,3.6,2,2023,2,22,2,0,0,3,73.0
2023-02-22 03:00:00,4.3,95,6.2,2,2023,2,22,3,0,0,3,72.0
2023-02-22 04:00:00,3.5,97,8.1,2,2023,2,22,4,0,0,3,51.0
2023-02-22 05:00:00,4.8,96,5.9,2,2023,2,22,5,0,0,3,91.0
2023-02-22 06:00:00,4.9,96,5.0,2,2023,2,22,6,0,0,3,497.0
2023-02-22 07:00:00,5.3,96,8.1,7,2023,2,22,7,0,0,3,1089.0
2023-02-22 08:00:00,5.5,96,7.6,7,2023,2,22,8,0,0,3,2135.0
2023-02-22 09:00:00,6.0,96,7.9,7,2023,2,22,9,0,0,3,1177.0
2023-02-22 10:00:00,6.6,94,10.3,7,2023,2,22,10,0,0,3,503.0
2023-02-22 11:00:00,7.3,91,11.4,7,2023,2,22,11,0,0,3,480.0
2023-02-22 12:00:00,7.8,88,12.4,7,2023,2,22,12,0,0,3,599.0
2023-02-22 13:00:00,8.2,87,12.6,2,2023,2,22,13,0,0,3,948.0
2023-02-22 14:00:00,8.2,88,10.8,7,2023,2,22,14,0,0,3,466.0
2023-02-22 15:00:00,8.4,89,7.9,7,2023,2,22,15,0,0,3,541.0
2023-02-22 16:00:00,8.5,86,7.6,2,2023,2,22,16,0,0,3,1096.0
2023-02-22 17:00:00,7.9,88,4.6,2,2023,2,22,17,0,0,3,2194.0
2023-02-22 18:00:00,6.9,92,4.9,2,2023,2,22,18,0,0,3,2001.0
2023-02-22 19:00:00,5.3,94,7.7,2,2023,2,22,19,0,0,3,984.0
2023-02-22 20:00:00,5.4,91,7.6,2,2023,2,22,20,0,0,3,567.0
2023-02-22 21:00:00,4.8,90,8.9,2,2023,2,22,21,0,0,3,471.0
2023-02-22 22:00:00,4.0,91,9.3,2,2023,2,22,22,0,0,3,390.0
2023-02-22 23:00:00,3.7,92,10.8,1,2023,2,22,23,0,0,3,229.0
2023-02-23 00:00:00,4.3,93,10.4,1,2023,2,23,0,0,0,3,259.0
2023-02-23 01:00:00,3.5,95,7.9,2,2023,2,23,1,0,0,3,190.0
2023-02-23 02:00:00,3.8,95,7.6,2,2023,2,23,2,0,0,3,86.0
2023-02-23 03:00:00,4.3,94,8.6,2,2023,2,23,3,0,0,3,72.0
2023-02-23 04:00:00,5.6,89,14.0,2,2023,2,23,4,0,0,3,93.0
2023-02-23 05:00:00,5.5,90,17.4,2,2023,2,23,5,0,0,3,147.0
2023-02-23 06:00:00,5.7,90,17.1,7,2023,2,23,6,0,0,3,348.0
2023-02-23 07:00:00,5.8,92,17.7,7,2023,2,23,7,0,0,3,1020.0
2023-02-23 08:00:00,6.2,91,19.7,7,2023,2,23,8,0,0,3,1903.0
2023-02-23 09:00:00,6.4,89,22.8,7,2023,2,23,9,0,0,3,1163.0
2023-02-23 10:00:00,6.6,87,23.9,7,2023,2,23,10,0,0,3,476.0
2023-02-23 11:00:00,6.8,86,21.7,7,2023,2,23,11,0,0,3,387.0
2023-02-23 12:00:00,7.6,83,23.7,2,2023,2,23,12,0,0,3,907.0
2023-02-23 13:00:00,7.7,80,20.2,2,2023,2,23,13,0,0,3,993.0
2023-02-23 14:00:00,8.3,74,20.6,2,2023,2,23,14,0,0,3,963.0
2023-02-23 15:00:00,8.2,72,19.6,2,2023,2,23,15,0,0,3,1118.0
2023-02-23 16:00:00,7.9,72,17.1,2,2023,2,23,16,0,0,3,1371.0
2023-02-23 17:00:00,7.1,74,18.3,2,2023,2,23,17,0,0,3,2516.0
2023-02-23 18:00:00,6.5,74,17.2,2,2023,2,23,18,0,0,3,2412.0
2023-02-23 19:00:00,6.2,71,16.1,2,2023,2,23,19,0,0,3,1299.0
2023-02-23 20:00:00,5.8,70,13.9,2,2023,2,23,20,0,0,3,780.0
2023-02-23 21:00:00,4.9,73,10.0,1,2023,2,23,21,0,0,3,570.0
2023-02-23 22:00:00,2.2,85,8.0,2,2023,2,23,22,0,0,3,414.0
2023-02-23 23:00:00,2.2,84,6.3,2,2023,2,23,23,0,0,3,297.0
2023-02-24 00:00:00,-0.4,89,9.5,2,2023,2,24,0,0,0,3,234.0
2023-02-24 01:00:00,-0.2,87,7.3,2,2023,2,24,1,0,0,3,112.0
2023-02-24 02:00:00,-1.0,91,6.8,2,2023,2,24,2,0,0,3,46.0
2023-02-24 03:00:00,-1.0,91,6.9,2,2023,2,24,3,0,0,3,36.0
2023-02-24 04:00:00,-1.1,90,6.9,2,2023,2,24,4,0,0,3,33.0
2023-02-24 05:00:00,-0.6,87,8.0,2,2023,2,24,5,0,0,3,55.0
2023-02-24 06:00:00,0.7,80,10.1,2,2023,2,24,6,0,0,3,523.0
2023-02-24 07:00:00,0.9,82,9.6,2,2023,2,24,7,0,0,3,1411.0
2023-02-24 08:00:00,1.8,82,11.6,2,2023,2,24,8,0,0,3,2728.0
2023-02-24 09:00:00,3.8,79,10.5,2,2023,2,24,9,0,0,3,1665.0
2023-02-24 10:00:00,6.5,77,9.0,2,2023,2,24,10,0,0,3,969.0
2023-02-24 11:00:00,8.2,80,12.5,2,2023,2,24,11,0,0,3,866.0
2023-02-24 12:00:00,8.6,82,14.8,2,2023,2,24,12,0,0,3,917.0
2023-02-24 13:00:00,8.6,81,11.5,2,2023,2,24,13,0,0,3,993.0
2023-02-24 14:00:00,8.5,81,9.4,2,2023,2,24,14,0,0,3,918.0
2023-02-24 15:00:00,8.6,79,12.3,1,2023,2,24,15,0,0,3,1006.0
2023-02-24 16:00:00,9.1,70,13.2,2,2023,2,24,16,0,0,3,1388.0
2023-02-24 17:00:00,7.9,71,13.8,1,2023,2,24,17,0,0,3,2506.0
2023-02-24 18:00:00,6.4,77,13.2,1,2023,2,24,18,0,0,3,2222.0
2023-02-24 19:00:00,4.6,85,10.8,2,2023,2,24,19,0,0,3,1065.0
2023-02-24 20:00:00,4.3,87,13.1,2,2023,2,24,20,0,0,3,597.0
2023-02-24 21:00:00,4.4,84,14.9,2,2023,2,24,21,0,0,3,469.0
2023-02-24 22:00:00,3.8,84,15.2,1,2023,2,24,22,0,0,3,362.0
2023-02-24 23:00:00,3.3,86,14.1,1,2023,2,24,23,0,0,3,240.0
2023-02-25 00:00:00,2.8,89,13.1,2,2023,2,25,0,1,0,3,646.0
2023-02-25 01:00:00,3.2,88,12.3,1,2023,2,25,1,1,0,3,553.0
2023-02-25 02:00:00,2.6,89,11.6,1,2023,2,25,2,1,0,3,334.0
2023-02-25 03:00:00,2.0,91,10.9,1,2023,2,25,3,1,0,3,254.0
2023-02-25 04:00:00,1.8,91,11.4,1,2023,2,25,4,1,0,3,185.0
2023-02-25 05:00:00,1.6,91,12.9,1,2023,2,25,5,1,0,3,149.0
2023-02-25 06:00:00,1.8,89,14.2,2,2023,2,25,6,1,0,3,151.0
2023-02-25 07:00:00,1.9,89,13.7,1,2023,2,25,7,1,0,3,54.0
2023-02-25 08:00:00,2.8,85,17.3,1,2023,2,25,8,1,0,3,284.0
2023-02-25 09:00:00,4.8,76,19.8,1,2023,2,25,9,1,0,3,551.0
2023-02-25 10:00:00,5.8,73,27.0,2,2023,2,25,10,1,0,3,989.0
2023-02-25 11:00:00,6.3,68,24.8,2,2023,2,25,11,1,0,3,1248.0
2023-02-25 12:00:00,6.6,67,22.6,2,2023,2,25,12,1,0,3,1497.0
2023-02-25 13:00:00,7.2,62,25.8,2,2023,2,25,13,1,0,3,1669.0
2023-02-25 14:00:00,7.3,61,25.7,2,2023,2,25,14,1,0,3,1611.0
2023-02-25 15:00:00,7.2,60,25.5,2,2023,2,25,15,1,0,3,1531.0
2023-02-25 16:00:00,6.8,60,25.2,2,2023,2,25,16,1,0,3,1360.0
2023-02-25 17:00:00,6.3,62,20.1,2,2023,2,25,17,1,0,3,1104.0
2023-02-25 18:00:00,5.6,63,18.4,2,2023,2,25,18,1,0,3,932.0
2023-02-25 19:00:00,5.0,65,16.8,1,2023,2,25,19,1,0,3,646.0
2023-02-25 20:00:00,4.2,69,14.8,1,2023,2,25,20,1,0,3,454.0
2023-02-25 21:00:00,2.9,77,12.1,1,2023,2,25,21,1,0,3,259.0
2023-02-25 22:00:00,2.0,83,11.0,1,2023,2,25,22,1,0,3,247.0
2023-02-25 23:00:00,1.7,88,11.5,1,2023,2,25,23,1,0,3,177.0
2023-02-26 00:00:00,1.6,91,12.0,1,2023,2,26,0,1,0,3,605.0
2023-02-26 01:00:00,1.4,92,11.8,1,2023,2,26,1,1,0,3,545.0
2023-02-26 02:00:00,1.4,92,12.4,1,2023,2,26,2,1,0,3,310.0
2023-02-26 03:00:00,1.1,91,13.6,2,2023,2,26,3,1,0,3,284.0
2023-02-26 04:00:00,2.2,83,13.7,2,2023,2,26,4,1,0,3,217.0
2023-02-26 05:00:00,3.3,72,15.8,2,2023,2,26,5,1,0,3,176.0
2023-02-26 06:00:00,3.7,65,18.0,2,2023,2,26,6,1,0,3,338.0
2023-02-26 07:00:00,3.4,64,18.0,1,2023,2,26,7,1,0,3,228.0
2023-02-26 08:00:00,3.7,67,17.3,2,2023,2,26,8,1,0,3,585.0
2023-02-26 09:00:00,5.2,56,20.8,1,2023,2,26,9,1,0,3,721.0
2023-02-26 10:00:00,6.2,47,27.6,1,2023,2,26,10,1,0,3,1102.0
2023-02-26 11:00:00,6.9,43,27.2,2,2023,2,26,11,1,0,3,1309.0
2023-02-26 12:00:00,7.3,49,21.2,2,2023,2,26,12,1,0,3,1677.0
2023-02-26 13:00:00,7.7,46,22.8,2,2023,2,26,13,1,0,3,1737.0
2023-02-26 14:00:00,7.1,49,22.0,2,2023,2,26,14,1,0,3,1668.0
2023-02-26 15:00:00,6.8,52,21.9,2,2023,2,26,15,1,0,3,1532.0
2023-02-26 16:00:00,6.6,52,20.6,2,2023,2,26,16,1,0,3,1342.0
2023-02-26 17:00:00,6.0,56,15.3,2,2023,2,26,17,1,0,3,1158.0
2023-02-26 18:00:00,5.2,58,13.2,2,2023,2,26,18,1,0,3,945.0
2023-02-26 19:00:00,4.2,62,10.7,2,2023,2,26,19,1,0,3,727.0
2023-02-26 20:00:00,2.1,71,8.7,2,2023,2,26,20,1,0,3,361.0
2023-02-26 21:00:00,1.8,72,8.6,1,2023,2,26,21,1,0,3,123.0
2023-02-26 22:00:00,1.1,73,9.5,1,2023,2,26,22,1,0,3,154.0
2023-02-26 23:00:00,0.6,73,10.8,2,2023,2,26,23,1,0,3,252.0
2023-02-27 00:00:00,0.2,81,12.1,2,2023,2,27,0,0,0,3,217.0
2023-02-27 01:00:00,-0.3,83,10.4,1,2023,2,27,1,0,0,3,23.0
2023-02-27 02:00:00,-0.5,83,10.5,1,2023,2,27,2,0,0,3,6.0
2023-02-27 03:00:00,0.2,80,11.4,2,2023,2,27,3,0,0,3,57.0
2023-02-27 04:00:00,1.0,76,12.7,2,2023,2,27,4,0,0,3,84.0
2023-02-27 05:00:00,1.5,75,14.2,2,2023,2,27,5,0,0,3,126.0
2023-02-27 06:00:00,1.0,77,12.9,1,2023,2,27,6,0,0,3,467.0
2023-02-27 07:00:00,0.3,79,11.1,2,2023,2,27,7,0,0,3,1559.0
2023-02-27 08:00:00,2.8,70,14.8,2,2023,2,27,8,0,0,3,3094.0
2023-02-27 09:00:00,3.7,73,11.6,2,2023,2,27,9,0,0,3,1776.0
2023-02-27 10:00:00,4.6,78,15.6,2,2023,2,27,10,0,0,3,910.0
2023-02-27 11:00:00,5.8,77,17.6,2,2023,2,27,11,0,0,3,893.0
2023-02-27 12:00:00,7.2,66,20.4,2,2023,2,27,12,0,0,3,1093.0
2023-02-27 13:00:00,7.5,61,20.2,2,2023,2,27,13,0,0,3,1152.0
2023-02-27 14:00:00,7.6,59,20.4,2,2023,2,27,14,0,0,3,1074.0
2023-02-27 15:00:00,7.4,58,20.9,2,2023,2,27,15,0,0,3,1116.0
2023-02-27 16:00:00,7.2,61,19.9,2,2023,2,27,16,0,0,3,1351.0
2023-02-27 17:00:00,6.7,64,17.1,2,2023,2,27,17,0,0,3,2493.0
2023-02-27 18:00:00,6.0,65,16.8,2,2023,2,27,18,0,0,3,2356.0
2023-02-27 19:00:00,5.6,64,16.8,2,2023,2,27,19,0,0,3,1351.0
2023-02-27 20:00:00,5.0,65,17.7,2,2023,2,27,20,0,0,3,796.0
2023-02-27 21:00:00,4.7,66,16.3,2,2023,2,27,21,0,0,3,579.0
2023-02-27 22:00:00,4.6,67,14.3,2,2023,2,27,22,0,0,3,504.0
2023-02-27 23:00:00,4.3,68,13.1,2,2023,2,27,23,0,0,3,361.0
2023-02-28 00:00:00,2.8,81,12.9,2,2023,2,28,0,0,0,3,223.0
2023-02-28 01:00:00,1.8,88,11.1,1,2023,2,28,1,0,0,3,126.0
2023-02-28 02:00:00,1.0,91,9.7,1,2023,2,28,2,0,0,3,0.0
2023-02-28 03:00:00,0.8,93,10.3,1,2023,2,28,3,0,0,3,0.0
2023-02-28 04:00:00,0.8,94,11.0,1,2023,2,28,4,0,0,3,30.0
2023-02-28 05:00:00,0.7,95,11.0,1,2023,2,28,5,0,0,3,73.0
2023-02-28 06:00:00,0.6,95,10.4,1,2023,2,28,6,0,0,3,370.0
2023-02-28 07:00:00,0.6,95,10.7,1,2023,2,28,7,0,0,3,1299.0
2023-02-28 08:00:00,3.0,89,14.5,1,2023,2,28,8,0,0,3,2479.0
2023-02-28 09:00:00,5.4,77,20.8,2,2023,2,28,9,0,0,3,1636.0
2023-02-28 10:00:00,6.4,71,21.3,2,2023,2,28,10,0,0,3,891.0
2023-02-28 11:00:00,6.9,71,19.6,2,2023,2,28,11,0,0,3,908.0
2023-02-28 12:00:00,6.8,75,22.4,2,2023,2,28,12,0,0,3,971.0
2023-02-28 13:00:00,7.4,74,23.4,7,2023,2,28,13,0,0,3,750.0
2023-02-28 14:00:00,7.7,72,27.3,7,2023,2,28,14,0,0,3,719.0
2023-02-28 15:00:00,7.9,72,26.6,7,2023,2,28,15,0,0,3,754.0
2023-02-28 16:00:00,7.8,72,24.5,2,2023,2,28,16,0,0,3,1314.0
2023-02-28 17:00:00,7.2,73,22.2,2,2023,2,28,17,0,0,3,2316.0
2023-02-28 18:00:00,6.7,74,21.6,2,2023,2,28,18,0,0,3,2213.0
2023-02-28 19:00:00,6.2,77,20.4,2,2023,2,28,19,0,0,3,1083.0
2023-02-28 20:00:00,6.1,78,20.9,2,2023,2,28,20,0,0,3,582.0
2023-02-28 21:00:00,5.6,82,18.3,7,2023,2,28,21,0,0,3,370.0
2023-02-28 22:00:00,4.7,87,13.3,7,2023,2,28,22,0,0,3,252.0
2023-02-28 23:00:00,4.2,81,9.7,2,2023,2,28,23,0,0,3,328.0
